ciselnik,ciselnik_kod,ciselnik_nazev,vek_IRI,vek_kod,vek_nazev,vek_od_vcetne,vek_do_vcetne
https://data.mzd.gov.cz/data/číselníky/CIS001,CIS001,Číselník věkových skupin NZIS,https://data.mzd.gov.cz/data/číselníky/CIS001/66000000,66000000,0 let,0.0,0.0
https://data.mzd.gov.cz/data/číselníky/CIS001,CIS001,Číselník věkových skupin NZIS,https://data.mzd.gov.cz/data/číselníky/CIS001/66000001,66000001,1 rok a méně,0.0,1.0
https://data.mzd.gov.cz/data/číselníky/CIS001,CIS001,Číselník věkových skupin NZIS,https://data.mzd.gov.cz/data/číselníky/CIS001/66000003,66000003,3 roky a méně,0.0,3.0
https://data.mzd.gov.cz/data/číselníky/CIS001,CIS001,Číselník věkových skupin NZIS,https://data.mzd.gov.cz/data/číselníky/CIS001/66000004,66000004,4 roky a méně,0.0,4.0
https://data.mzd.gov.cz/data/číselníky/CIS001,CIS001,Číselník věkových skupin NZIS,https://data.mzd.gov.cz/data/číselníky/CIS001/66000009,66000009,9 let a méně,0.0,9.0
https://data.mzd.gov.cz/data/číselníky/CIS001,CIS001,Číselník věkových skupin NZIS,https://data.mzd.gov.cz/data/číselníky/CIS001/66000011,66000011,11 let a méně,0.0,11.0
https://data.mzd.gov.cz/data/číselníky/CIS001,CIS001,Číselník věkových skupin NZIS,https://data.mzd.gov.cz/data/číselníky/CIS001/66000014,66000014,14 let a méně,0.0,14.0
https://data.mzd.gov.cz/data/číselníky/CIS001,CIS001,Číselník věkových skupin NZIS,https://data.mzd.gov.cz/data/číselníky/CIS001/66000017,66000017,17 let a méně,0.0,17.0
https://data.mzd.gov.cz/data/číselníky/CIS001,CIS001,Číselník věkových skupin NZIS,https://data.mzd.gov.cz/data/číselníky/CIS001/66000018,66000018,18 let a méně,0.0,18.0
https://data.mzd.gov.cz/data/číselníky/CIS001,CIS001,Číselník věkových skupin NZIS,https://data.mzd.gov.cz/data/číselníky/CIS001/66000019,66000019,19 let a méně,0.0,19.0
https://data.mzd.gov.cz/data/číselníky/CIS001,CIS001,Číselník věkových skupin NZIS,https://data.mzd.gov.cz/data/číselníky/CIS001/66000024,66000024,24 let a méně,0.0,24.0
https://data.mzd.gov.cz/data/číselníky/CIS001,CIS001,Číselník věkových skupin NZIS,https://data.mzd.gov.cz/data/číselníky/CIS001/66000034,66000034,34 let a méně,0.0,34.0
https://data.mzd.gov.cz/data/číselníky/CIS001,CIS001,Číselník věkových skupin NZIS,https://data.mzd.gov.cz/data/číselníky/CIS001/66000999,66000999,bez omezení věku,0.0,999.0
https://data.mzd.gov.cz/data/číselníky/CIS001,CIS001,Číselník věkových skupin NZIS,https://data.mzd.gov.cz/data/číselníky/CIS001/66001001,66001001,1 rok,1.0,1.0
https://data.mzd.gov.cz/data/číselníky/CIS001,CIS001,Číselník věkových skupin NZIS,https://data.mzd.gov.cz/data/číselníky/CIS001/66001004,66001004,1–4 roky,1.0,4.0
https://data.mzd.gov.cz/data/číselníky/CIS001,CIS001,Číselník věkových skupin NZIS,https://data.mzd.gov.cz/data/číselníky/CIS001/66002002,66002002,2 roky,2.0,2.0
https://data.mzd.gov.cz/data/číselníky/CIS001,CIS001,Číselník věkových skupin NZIS,https://data.mzd.gov.cz/data/číselníky/CIS001/66003003,66003003,3 roky,3.0,3.0
https://data.mzd.gov.cz/data/číselníky/CIS001,CIS001,Číselník věkových skupin NZIS,https://data.mzd.gov.cz/data/číselníky/CIS001/66004004,66004004,4 roky,4.0,4.0
https://data.mzd.gov.cz/data/číselníky/CIS001,CIS001,Číselník věkových skupin NZIS,https://data.mzd.gov.cz/data/číselníky/CIS001/66004006,66004006,4–6 let,4.0,6.0
https://data.mzd.gov.cz/data/číselníky/CIS001,CIS001,Číselník věkových skupin NZIS,https://data.mzd.gov.cz/data/číselníky/CIS001/66005005,66005005,5 let,5.0,5.0
https://data.mzd.gov.cz/data/číselníky/CIS001,CIS001,Číselník věkových skupin NZIS,https://data.mzd.gov.cz/data/číselníky/CIS001/66005009,66005009,5–9 let,5.0,9.0
https://data.mzd.gov.cz/data/číselníky/CIS001,CIS001,Číselník věkových skupin NZIS,https://data.mzd.gov.cz/data/číselníky/CIS001/66005011,66005011,5–11 let,5.0,11.0
https://data.mzd.gov.cz/data/číselníky/CIS001,CIS001,Číselník věkových skupin NZIS,https://data.mzd.gov.cz/data/číselníky/CIS001/66006006,66006006,6 let,6.0,6.0
https://data.mzd.gov.cz/data/číselníky/CIS001,CIS001,Číselník věkových skupin NZIS,https://data.mzd.gov.cz/data/číselníky/CIS001/66007007,66007007,7 let,7.0,7.0
https://data.mzd.gov.cz/data/číselníky/CIS001,CIS001,Číselník věkových skupin NZIS,https://data.mzd.gov.cz/data/číselníky/CIS001/66007010,66007010,7–10 let,7.0,10.0
https://data.mzd.gov.cz/data/číselníky/CIS001,CIS001,Číselník věkových skupin NZIS,https://data.mzd.gov.cz/data/číselníky/CIS001/66008008,66008008,8 let,8.0,8.0
https://data.mzd.gov.cz/data/číselníky/CIS001,CIS001,Číselník věkových skupin NZIS,https://data.mzd.gov.cz/data/číselníky/CIS001/66009009,66009009,9 let,9.0,9.0
https://data.mzd.gov.cz/data/číselníky/CIS001,CIS001,Číselník věkových skupin NZIS,https://data.mzd.gov.cz/data/číselníky/CIS001/66010010,66010010,10 let,10.0,10.0
https://data.mzd.gov.cz/data/číselníky/CIS001,CIS001,Číselník věkových skupin NZIS,https://data.mzd.gov.cz/data/číselníky/CIS001/66010014,66010014,10–14 let,10.0,14.0
https://data.mzd.gov.cz/data/číselníky/CIS001,CIS001,Číselník věkových skupin NZIS,https://data.mzd.gov.cz/data/číselníky/CIS001/66010019,66010019,10–19 let,10.0,19.0
https://data.mzd.gov.cz/data/číselníky/CIS001,CIS001,Číselník věkových skupin NZIS,https://data.mzd.gov.cz/data/číselníky/CIS001/66011011,66011011,11 let,11.0,11.0
https://data.mzd.gov.cz/data/číselníky/CIS001,CIS001,Číselník věkových skupin NZIS,https://data.mzd.gov.cz/data/číselníky/CIS001/66011015,66011015,11–15 let,11.0,15.0
https://data.mzd.gov.cz/data/číselníky/CIS001,CIS001,Číselník věkových skupin NZIS,https://data.mzd.gov.cz/data/číselníky/CIS001/66012012,66012012,12 let,12.0,12.0
https://data.mzd.gov.cz/data/číselníky/CIS001,CIS001,Číselník věkových skupin NZIS,https://data.mzd.gov.cz/data/číselníky/CIS001/66012015,66012015,12–15 let,12.0,15.0
https://data.mzd.gov.cz/data/číselníky/CIS001,CIS001,Číselník věkových skupin NZIS,https://data.mzd.gov.cz/data/číselníky/CIS001/66013013,66013013,13 let,13.0,13.0
https://data.mzd.gov.cz/data/číselníky/CIS001,CIS001,Číselník věkových skupin NZIS,https://data.mzd.gov.cz/data/číselníky/CIS001/66014014,66014014,14 let,14.0,14.0
https://data.mzd.gov.cz/data/číselníky/CIS001,CIS001,Číselník věkových skupin NZIS,https://data.mzd.gov.cz/data/číselníky/CIS001/66015015,66015015,15 let,15.0,15.0
https://data.mzd.gov.cz/data/číselníky/CIS001,CIS001,Číselník věkových skupin NZIS,https://data.mzd.gov.cz/data/číselníky/CIS001/66015019,66015019,15–19 let,15.0,19.0
https://data.mzd.gov.cz/data/číselníky/CIS001,CIS001,Číselník věkových skupin NZIS,https://data.mzd.gov.cz/data/číselníky/CIS001/66015021,66015021,15–21 let,15.0,21.0
https://data.mzd.gov.cz/data/číselníky/CIS001,CIS001,Číselník věkových skupin NZIS,https://data.mzd.gov.cz/data/číselníky/CIS001/66015064,66015064,15–64 let,15.0,64.0
https://data.mzd.gov.cz/data/číselníky/CIS001,CIS001,Číselník věkových skupin NZIS,https://data.mzd.gov.cz/data/číselníky/CIS001/66016016,66016016,16 let,16.0,16.0
https://data.mzd.gov.cz/data/číselníky/CIS001,CIS001,Číselník věkových skupin NZIS,https://data.mzd.gov.cz/data/číselníky/CIS001/66016017,66016017,16–17 let,16.0,17.0
https://data.mzd.gov.cz/data/číselníky/CIS001,CIS001,Číselník věkových skupin NZIS,https://data.mzd.gov.cz/data/číselníky/CIS001/66017017,66017017,17 let,17.0,17.0
https://data.mzd.gov.cz/data/číselníky/CIS001,CIS001,Číselník věkových skupin NZIS,https://data.mzd.gov.cz/data/číselníky/CIS001/66017021,66017021,17–21 let,17.0,21.0
https://data.mzd.gov.cz/data/číselníky/CIS001,CIS001,Číselník věkových skupin NZIS,https://data.mzd.gov.cz/data/číselníky/CIS001/66018018,66018018,18 let,18.0,18.0
https://data.mzd.gov.cz/data/číselníky/CIS001,CIS001,Číselník věkových skupin NZIS,https://data.mzd.gov.cz/data/číselníky/CIS001/66018019,66018019,18–19 let,18.0,19.0
https://data.mzd.gov.cz/data/číselníky/CIS001,CIS001,Číselník věkových skupin NZIS,https://data.mzd.gov.cz/data/číselníky/CIS001/66018024,66018024,18–24 let,18.0,24.0
https://data.mzd.gov.cz/data/číselníky/CIS001,CIS001,Číselník věkových skupin NZIS,https://data.mzd.gov.cz/data/číselníky/CIS001/66018025,66018025,18–25 let,18.0,25.0
https://data.mzd.gov.cz/data/číselníky/CIS001,CIS001,Číselník věkových skupin NZIS,https://data.mzd.gov.cz/data/číselníky/CIS001/66018039,66018039,18–39 let,18.0,39.0
https://data.mzd.gov.cz/data/číselníky/CIS001,CIS001,Číselník věkových skupin NZIS,https://data.mzd.gov.cz/data/číselníky/CIS001/66018999,66018999,18 let a více,18.0,999.0
https://data.mzd.gov.cz/data/číselníky/CIS001,CIS001,Číselník věkových skupin NZIS,https://data.mzd.gov.cz/data/číselníky/CIS001/66019019,66019019,19 let,19.0,19.0
https://data.mzd.gov.cz/data/číselníky/CIS001,CIS001,Číselník věkových skupin NZIS,https://data.mzd.gov.cz/data/číselníky/CIS001/66019024,66019024,19–24 let,19.0,24.0
https://data.mzd.gov.cz/data/číselníky/CIS001,CIS001,Číselník věkových skupin NZIS,https://data.mzd.gov.cz/data/číselníky/CIS001/66019064,66019064,19–64 let,19.0,64.0
https://data.mzd.gov.cz/data/číselníky/CIS001,CIS001,Číselník věkových skupin NZIS,https://data.mzd.gov.cz/data/číselníky/CIS001/66020020,66020020,20 let,20.0,20.0
https://data.mzd.gov.cz/data/číselníky/CIS001,CIS001,Číselník věkových skupin NZIS,https://data.mzd.gov.cz/data/číselníky/CIS001/66020024,66020024,20–24 let,20.0,24.0
https://data.mzd.gov.cz/data/číselníky/CIS001,CIS001,Číselník věkových skupin NZIS,https://data.mzd.gov.cz/data/číselníky/CIS001/66020029,66020029,20–29 let,20.0,29.0
https://data.mzd.gov.cz/data/číselníky/CIS001,CIS001,Číselník věkových skupin NZIS,https://data.mzd.gov.cz/data/číselníky/CIS001/66020034,66020034,20–34 let,20.0,34.0
https://data.mzd.gov.cz/data/číselníky/CIS001,CIS001,Číselník věkových skupin NZIS,https://data.mzd.gov.cz/data/číselníky/CIS001/66020039,66020039,20–39 let,20.0,39.0
https://data.mzd.gov.cz/data/číselníky/CIS001,CIS001,Číselník věkových skupin NZIS,https://data.mzd.gov.cz/data/číselníky/CIS001/66020044,66020044,20–44 let,20.0,44.0
https://data.mzd.gov.cz/data/číselníky/CIS001,CIS001,Číselník věkových skupin NZIS,https://data.mzd.gov.cz/data/číselníky/CIS001/66020064,66020064,20–64 let,20.0,64.0
https://data.mzd.gov.cz/data/číselníky/CIS001,CIS001,Číselník věkových skupin NZIS,https://data.mzd.gov.cz/data/číselníky/CIS001/66020999,66020999,20 let a více,20.0,999.0
https://data.mzd.gov.cz/data/číselníky/CIS001,CIS001,Číselník věkových skupin NZIS,https://data.mzd.gov.cz/data/číselníky/CIS001/66021021,66021021,21 let,21.0,21.0
https://data.mzd.gov.cz/data/číselníky/CIS001,CIS001,Číselník věkových skupin NZIS,https://data.mzd.gov.cz/data/číselníky/CIS001/66022022,66022022,22 let,22.0,22.0
https://data.mzd.gov.cz/data/číselníky/CIS001,CIS001,Číselník věkových skupin NZIS,https://data.mzd.gov.cz/data/číselníky/CIS001/66022026,66022026,22–26 let,22.0,26.0
https://data.mzd.gov.cz/data/číselníky/CIS001,CIS001,Číselník věkových skupin NZIS,https://data.mzd.gov.cz/data/číselníky/CIS001/66023023,66023023,23 let,23.0,23.0
https://data.mzd.gov.cz/data/číselníky/CIS001,CIS001,Číselník věkových skupin NZIS,https://data.mzd.gov.cz/data/číselníky/CIS001/66024024,66024024,24 let,24.0,24.0
https://data.mzd.gov.cz/data/číselníky/CIS001,CIS001,Číselník věkových skupin NZIS,https://data.mzd.gov.cz/data/číselníky/CIS001/66025025,66025025,25 let,25.0,25.0
https://data.mzd.gov.cz/data/číselníky/CIS001,CIS001,Číselník věkových skupin NZIS,https://data.mzd.gov.cz/data/číselníky/CIS001/66025029,66025029,25–29 let,25.0,29.0
https://data.mzd.gov.cz/data/číselníky/CIS001,CIS001,Číselník věkových skupin NZIS,https://data.mzd.gov.cz/data/číselníky/CIS001/66025034,66025034,25–34 let,25.0,34.0
https://data.mzd.gov.cz/data/číselníky/CIS001,CIS001,Číselník věkových skupin NZIS,https://data.mzd.gov.cz/data/číselníky/CIS001/66025059,66025059,25–59 let,25.0,59.0
https://data.mzd.gov.cz/data/číselníky/CIS001,CIS001,Číselník věkových skupin NZIS,https://data.mzd.gov.cz/data/číselníky/CIS001/66026026,66026026,26 let,26.0,26.0
https://data.mzd.gov.cz/data/číselníky/CIS001,CIS001,Číselník věkových skupin NZIS,https://data.mzd.gov.cz/data/číselníky/CIS001/66026030,66026030,26–30 let,26.0,30.0
https://data.mzd.gov.cz/data/číselníky/CIS001,CIS001,Číselník věkových skupin NZIS,https://data.mzd.gov.cz/data/číselníky/CIS001/66027027,66027027,27 let,27.0,27.0
https://data.mzd.gov.cz/data/číselníky/CIS001,CIS001,Číselník věkových skupin NZIS,https://data.mzd.gov.cz/data/číselníky/CIS001/66027035,66027035,27–35 let,27.0,35.0
https://data.mzd.gov.cz/data/číselníky/CIS001,CIS001,Číselník věkových skupin NZIS,https://data.mzd.gov.cz/data/číselníky/CIS001/66028028,66028028,28 let,28.0,28.0
https://data.mzd.gov.cz/data/číselníky/CIS001,CIS001,Číselník věkových skupin NZIS,https://data.mzd.gov.cz/data/číselníky/CIS001/66029029,66029029,29 let,29.0,29.0
https://data.mzd.gov.cz/data/číselníky/CIS001,CIS001,Číselník věkových skupin NZIS,https://data.mzd.gov.cz/data/číselníky/CIS001/66030030,66030030,30 let,30.0,30.0
https://data.mzd.gov.cz/data/číselníky/CIS001,CIS001,Číselník věkových skupin NZIS,https://data.mzd.gov.cz/data/číselníky/CIS001/66030034,66030034,30–34 let,30.0,34.0
https://data.mzd.gov.cz/data/číselníky/CIS001,CIS001,Číselník věkových skupin NZIS,https://data.mzd.gov.cz/data/číselníky/CIS001/66030039,66030039,30–39 let,30.0,39.0
https://data.mzd.gov.cz/data/číselníky/CIS001,CIS001,Číselník věkových skupin NZIS,https://data.mzd.gov.cz/data/číselníky/CIS001/66031031,66031031,31 let,31.0,31.0
https://data.mzd.gov.cz/data/číselníky/CIS001,CIS001,Číselník věkových skupin NZIS,https://data.mzd.gov.cz/data/číselníky/CIS001/66031035,66031035,31–35 let,31.0,35.0
https://data.mzd.gov.cz/data/číselníky/CIS001,CIS001,Číselník věkových skupin NZIS,https://data.mzd.gov.cz/data/číselníky/CIS001/66032032,66032032,32 let,32.0,32.0
https://data.mzd.gov.cz/data/číselníky/CIS001,CIS001,Číselník věkových skupin NZIS,https://data.mzd.gov.cz/data/číselníky/CIS001/66033033,66033033,33 let,33.0,33.0
https://data.mzd.gov.cz/data/číselníky/CIS001,CIS001,Číselník věkových skupin NZIS,https://data.mzd.gov.cz/data/číselníky/CIS001/66034034,66034034,34 let,34.0,34.0
https://data.mzd.gov.cz/data/číselníky/CIS001,CIS001,Číselník věkových skupin NZIS,https://data.mzd.gov.cz/data/číselníky/CIS001/66035035,66035035,35 let,35.0,35.0
https://data.mzd.gov.cz/data/číselníky/CIS001,CIS001,Číselník věkových skupin NZIS,https://data.mzd.gov.cz/data/číselníky/CIS001/66035039,66035039,35–39 let,35.0,39.0
https://data.mzd.gov.cz/data/číselníky/CIS001,CIS001,Číselník věkových skupin NZIS,https://data.mzd.gov.cz/data/číselníky/CIS001/66035044,66035044,35–44 let,35.0,44.0
https://data.mzd.gov.cz/data/číselníky/CIS001,CIS001,Číselník věkových skupin NZIS,https://data.mzd.gov.cz/data/číselníky/CIS001/66035999,66035999,35 let a více,35.0,999.0
https://data.mzd.gov.cz/data/číselníky/CIS001,CIS001,Číselník věkových skupin NZIS,https://data.mzd.gov.cz/data/číselníky/CIS001/66036036,66036036,36 let,36.0,36.0
https://data.mzd.gov.cz/data/číselníky/CIS001,CIS001,Číselník věkových skupin NZIS,https://data.mzd.gov.cz/data/číselníky/CIS001/66036040,66036040,36–40 let,36.0,40.0
https://data.mzd.gov.cz/data/číselníky/CIS001,CIS001,Číselník věkových skupin NZIS,https://data.mzd.gov.cz/data/číselníky/CIS001/66037037,66037037,37 let,37.0,37.0
https://data.mzd.gov.cz/data/číselníky/CIS001,CIS001,Číselník věkových skupin NZIS,https://data.mzd.gov.cz/data/číselníky/CIS001/66038038,66038038,38 let,38.0,38.0
https://data.mzd.gov.cz/data/číselníky/CIS001,CIS001,Číselník věkových skupin NZIS,https://data.mzd.gov.cz/data/číselníky/CIS001/66039039,66039039,39 let,39.0,39.0
https://data.mzd.gov.cz/data/číselníky/CIS001,CIS001,Číselník věkových skupin NZIS,https://data.mzd.gov.cz/data/číselníky/CIS001/66040040,66040040,40 let,40.0,40.0
https://data.mzd.gov.cz/data/číselníky/CIS001,CIS001,Číselník věkových skupin NZIS,https://data.mzd.gov.cz/data/číselníky/CIS001/66040044,66040044,40–44 let,40.0,44.0
https://data.mzd.gov.cz/data/číselníky/CIS001,CIS001,Číselník věkových skupin NZIS,https://data.mzd.gov.cz/data/číselníky/CIS001/66040049,66040049,40–49 let,40.0,49.0
https://data.mzd.gov.cz/data/číselníky/CIS001,CIS001,Číselník věkových skupin NZIS,https://data.mzd.gov.cz/data/číselníky/CIS001/66040059,66040059,40–59 let,40.0,59.0
https://data.mzd.gov.cz/data/číselníky/CIS001,CIS001,Číselník věkových skupin NZIS,https://data.mzd.gov.cz/data/číselníky/CIS001/66040999,66040999,40 let a více,40.0,999.0
https://data.mzd.gov.cz/data/číselníky/CIS001,CIS001,Číselník věkových skupin NZIS,https://data.mzd.gov.cz/data/číselníky/CIS001/66041041,66041041,41 let,41.0,41.0
https://data.mzd.gov.cz/data/číselníky/CIS001,CIS001,Číselník věkových skupin NZIS,https://data.mzd.gov.cz/data/číselníky/CIS001/66041045,66041045,41–45 let,41.0,45.0
https://data.mzd.gov.cz/data/číselníky/CIS001,CIS001,Číselník věkových skupin NZIS,https://data.mzd.gov.cz/data/číselníky/CIS001/66042042,66042042,42 let,42.0,42.0
https://data.mzd.gov.cz/data/číselníky/CIS001,CIS001,Číselník věkových skupin NZIS,https://data.mzd.gov.cz/data/číselníky/CIS001/66043043,66043043,43 let,43.0,43.0
https://data.mzd.gov.cz/data/číselníky/CIS001,CIS001,Číselník věkových skupin NZIS,https://data.mzd.gov.cz/data/číselníky/CIS001/66044044,66044044,44 let,44.0,44.0
https://data.mzd.gov.cz/data/číselníky/CIS001,CIS001,Číselník věkových skupin NZIS,https://data.mzd.gov.cz/data/číselníky/CIS001/66045045,66045045,45 let,45.0,45.0
https://data.mzd.gov.cz/data/číselníky/CIS001,CIS001,Číselník věkových skupin NZIS,https://data.mzd.gov.cz/data/číselníky/CIS001/66045049,66045049,45–49 let,45.0,49.0
https://data.mzd.gov.cz/data/číselníky/CIS001,CIS001,Číselník věkových skupin NZIS,https://data.mzd.gov.cz/data/číselníky/CIS001/66045054,66045054,45–54 let,45.0,54.0
https://data.mzd.gov.cz/data/číselníky/CIS001,CIS001,Číselník věkových skupin NZIS,https://data.mzd.gov.cz/data/číselníky/CIS001/66045064,66045064,45–64 let,45.0,64.0
https://data.mzd.gov.cz/data/číselníky/CIS001,CIS001,Číselník věkových skupin NZIS,https://data.mzd.gov.cz/data/číselníky/CIS001/66046046,66046046,46 let,46.0,46.0
https://data.mzd.gov.cz/data/číselníky/CIS001,CIS001,Číselník věkových skupin NZIS,https://data.mzd.gov.cz/data/číselníky/CIS001/66046050,66046050,46–50 let,46.0,50.0
https://data.mzd.gov.cz/data/číselníky/CIS001,CIS001,Číselník věkových skupin NZIS,https://data.mzd.gov.cz/data/číselníky/CIS001/66046999,66046999,46 let a více,46.0,999.0
https://data.mzd.gov.cz/data/číselníky/CIS001,CIS001,Číselník věkových skupin NZIS,https://data.mzd.gov.cz/data/číselníky/CIS001/66047047,66047047,47 let,47.0,47.0
https://data.mzd.gov.cz/data/číselníky/CIS001,CIS001,Číselník věkových skupin NZIS,https://data.mzd.gov.cz/data/číselníky/CIS001/66048048,66048048,48 let,48.0,48.0
https://data.mzd.gov.cz/data/číselníky/CIS001,CIS001,Číselník věkových skupin NZIS,https://data.mzd.gov.cz/data/číselníky/CIS001/66049049,66049049,49 let,49.0,49.0
https://data.mzd.gov.cz/data/číselníky/CIS001,CIS001,Číselník věkových skupin NZIS,https://data.mzd.gov.cz/data/číselníky/CIS001/66050050,66050050,50 let,50.0,50.0
https://data.mzd.gov.cz/data/číselníky/CIS001,CIS001,Číselník věkových skupin NZIS,https://data.mzd.gov.cz/data/číselníky/CIS001/66050054,66050054,50–54 let,50.0,54.0
https://data.mzd.gov.cz/data/číselníky/CIS001,CIS001,Číselník věkových skupin NZIS,https://data.mzd.gov.cz/data/číselníky/CIS001/66050059,66050059,50–59 let,50.0,59.0
https://data.mzd.gov.cz/data/číselníky/CIS001,CIS001,Číselník věkových skupin NZIS,https://data.mzd.gov.cz/data/číselníky/CIS001/66051051,66051051,51 let,51.0,51.0
https://data.mzd.gov.cz/data/číselníky/CIS001,CIS001,Číselník věkových skupin NZIS,https://data.mzd.gov.cz/data/číselníky/CIS001/66051055,66051055,51–55 let,51.0,55.0
https://data.mzd.gov.cz/data/číselníky/CIS001,CIS001,Číselník věkových skupin NZIS,https://data.mzd.gov.cz/data/číselníky/CIS001/66052052,66052052,52 let,52.0,52.0
https://data.mzd.gov.cz/data/číselníky/CIS001,CIS001,Číselník věkových skupin NZIS,https://data.mzd.gov.cz/data/číselníky/CIS001/66053053,66053053,53 let,53.0,53.0
https://data.mzd.gov.cz/data/číselníky/CIS001,CIS001,Číselník věkových skupin NZIS,https://data.mzd.gov.cz/data/číselníky/CIS001/66054054,66054054,54 let,54.0,54.0
https://data.mzd.gov.cz/data/číselníky/CIS001,CIS001,Číselník věkových skupin NZIS,https://data.mzd.gov.cz/data/číselníky/CIS001/66055055,66055055,55 let,55.0,55.0
https://data.mzd.gov.cz/data/číselníky/CIS001,CIS001,Číselník věkových skupin NZIS,https://data.mzd.gov.cz/data/číselníky/CIS001/66055059,66055059,55–59 let,55.0,59.0
https://data.mzd.gov.cz/data/číselníky/CIS001,CIS001,Číselník věkových skupin NZIS,https://data.mzd.gov.cz/data/číselníky/CIS001/66055064,66055064,55–64 let,55.0,64.0
https://data.mzd.gov.cz/data/číselníky/CIS001,CIS001,Číselník věkových skupin NZIS,https://data.mzd.gov.cz/data/číselníky/CIS001/66055999,66055999,55 let a více,55.0,999.0
https://data.mzd.gov.cz/data/číselníky/CIS001,CIS001,Číselník věkových skupin NZIS,https://data.mzd.gov.cz/data/číselníky/CIS001/66056056,66056056,56 let,56.0,56.0
https://data.mzd.gov.cz/data/číselníky/CIS001,CIS001,Číselník věkových skupin NZIS,https://data.mzd.gov.cz/data/číselníky/CIS001/66056060,66056060,56–60 let,56.0,60.0
https://data.mzd.gov.cz/data/číselníky/CIS001,CIS001,Číselník věkových skupin NZIS,https://data.mzd.gov.cz/data/číselníky/CIS001/66057057,66057057,57 let,57.0,57.0
https://data.mzd.gov.cz/data/číselníky/CIS001,CIS001,Číselník věkových skupin NZIS,https://data.mzd.gov.cz/data/číselníky/CIS001/66058058,66058058,58 let,58.0,58.0
https://data.mzd.gov.cz/data/číselníky/CIS001,CIS001,Číselník věkových skupin NZIS,https://data.mzd.gov.cz/data/číselníky/CIS001/66059059,66059059,59 let,59.0,59.0
https://data.mzd.gov.cz/data/číselníky/CIS001,CIS001,Číselník věkových skupin NZIS,https://data.mzd.gov.cz/data/číselníky/CIS001/66060060,66060060,60 let,60.0,60.0
https://data.mzd.gov.cz/data/číselníky/CIS001,CIS001,Číselník věkových skupin NZIS,https://data.mzd.gov.cz/data/číselníky/CIS001/66060064,66060064,60–64 let,60.0,64.0
https://data.mzd.gov.cz/data/číselníky/CIS001,CIS001,Číselník věkových skupin NZIS,https://data.mzd.gov.cz/data/číselníky/CIS001/66060069,66060069,60–69 let,60.0,69.0
https://data.mzd.gov.cz/data/číselníky/CIS001,CIS001,Číselník věkových skupin NZIS,https://data.mzd.gov.cz/data/číselníky/CIS001/66060079,66060079,60–79 let,60.0,79.0
https://data.mzd.gov.cz/data/číselníky/CIS001,CIS001,Číselník věkových skupin NZIS,https://data.mzd.gov.cz/data/číselníky/CIS001/66061061,66061061,61 let,61.0,61.0
https://data.mzd.gov.cz/data/číselníky/CIS001,CIS001,Číselník věkových skupin NZIS,https://data.mzd.gov.cz/data/číselníky/CIS001/66061065,66061065,61–65 let,61.0,65.0
https://data.mzd.gov.cz/data/číselníky/CIS001,CIS001,Číselník věkových skupin NZIS,https://data.mzd.gov.cz/data/číselníky/CIS001/66062062,66062062,62 let,62.0,62.0
https://data.mzd.gov.cz/data/číselníky/CIS001,CIS001,Číselník věkových skupin NZIS,https://data.mzd.gov.cz/data/číselníky/CIS001/66063063,66063063,63 let,63.0,63.0
https://data.mzd.gov.cz/data/číselníky/CIS001,CIS001,Číselník věkových skupin NZIS,https://data.mzd.gov.cz/data/číselníky/CIS001/66064064,66064064,64 let,64.0,64.0
https://data.mzd.gov.cz/data/číselníky/CIS001,CIS001,Číselník věkových skupin NZIS,https://data.mzd.gov.cz/data/číselníky/CIS001/66065065,66065065,65 let,65.0,65.0
https://data.mzd.gov.cz/data/číselníky/CIS001,CIS001,Číselník věkových skupin NZIS,https://data.mzd.gov.cz/data/číselníky/CIS001/66065067,66065067,65–67 let,65.0,67.0
https://data.mzd.gov.cz/data/číselníky/CIS001,CIS001,Číselník věkových skupin NZIS,https://data.mzd.gov.cz/data/číselníky/CIS001/66065069,66065069,65–69 let,65.0,69.0
https://data.mzd.gov.cz/data/číselníky/CIS001,CIS001,Číselník věkových skupin NZIS,https://data.mzd.gov.cz/data/číselníky/CIS001/66065070,66065070,65–70 let,65.0,70.0
https://data.mzd.gov.cz/data/číselníky/CIS001,CIS001,Číselník věkových skupin NZIS,https://data.mzd.gov.cz/data/číselníky/CIS001/66065074,66065074,65–74 let,65.0,74.0
https://data.mzd.gov.cz/data/číselníky/CIS001,CIS001,Číselník věkových skupin NZIS,https://data.mzd.gov.cz/data/číselníky/CIS001/66065999,66065999,65 let a více,65.0,999.0
https://data.mzd.gov.cz/data/číselníky/CIS001,CIS001,Číselník věkových skupin NZIS,https://data.mzd.gov.cz/data/číselníky/CIS001/66066066,66066066,66 let,66.0,66.0
https://data.mzd.gov.cz/data/číselníky/CIS001,CIS001,Číselník věkových skupin NZIS,https://data.mzd.gov.cz/data/číselníky/CIS001/66066070,66066070,66–70 let,66.0,70.0
https://data.mzd.gov.cz/data/číselníky/CIS001,CIS001,Číselník věkových skupin NZIS,https://data.mzd.gov.cz/data/číselníky/CIS001/66067067,66067067,67 let,67.0,67.0
https://data.mzd.gov.cz/data/číselníky/CIS001,CIS001,Číselník věkových skupin NZIS,https://data.mzd.gov.cz/data/číselníky/CIS001/66068068,66068068,68 let,68.0,68.0
https://data.mzd.gov.cz/data/číselníky/CIS001,CIS001,Číselník věkových skupin NZIS,https://data.mzd.gov.cz/data/číselníky/CIS001/66069069,66069069,69 let,69.0,69.0
https://data.mzd.gov.cz/data/číselníky/CIS001,CIS001,Číselník věkových skupin NZIS,https://data.mzd.gov.cz/data/číselníky/CIS001/66070070,66070070,70 let,70.0,70.0
https://data.mzd.gov.cz/data/číselníky/CIS001,CIS001,Číselník věkových skupin NZIS,https://data.mzd.gov.cz/data/číselníky/CIS001/66070074,66070074,70–74 let,70.0,74.0
https://data.mzd.gov.cz/data/číselníky/CIS001,CIS001,Číselník věkových skupin NZIS,https://data.mzd.gov.cz/data/číselníky/CIS001/66070079,66070079,70–79 let,70.0,79.0
https://data.mzd.gov.cz/data/číselníky/CIS001,CIS001,Číselník věkových skupin NZIS,https://data.mzd.gov.cz/data/číselníky/CIS001/66071071,66071071,71 let,71.0,71.0
https://data.mzd.gov.cz/data/číselníky/CIS001,CIS001,Číselník věkových skupin NZIS,https://data.mzd.gov.cz/data/číselníky/CIS001/66071075,66071075,71–75 let,71.0,75.0
https://data.mzd.gov.cz/data/číselníky/CIS001,CIS001,Číselník věkových skupin NZIS,https://data.mzd.gov.cz/data/číselníky/CIS001/66072072,66072072,72 let,72.0,72.0
https://data.mzd.gov.cz/data/číselníky/CIS001,CIS001,Číselník věkových skupin NZIS,https://data.mzd.gov.cz/data/číselníky/CIS001/66073073,66073073,73 let,73.0,73.0
https://data.mzd.gov.cz/data/číselníky/CIS001,CIS001,Číselník věkových skupin NZIS,https://data.mzd.gov.cz/data/číselníky/CIS001/66074074,66074074,74 let,74.0,74.0
https://data.mzd.gov.cz/data/číselníky/CIS001,CIS001,Číselník věkových skupin NZIS,https://data.mzd.gov.cz/data/číselníky/CIS001/66075075,66075075,75 let,75.0,75.0
https://data.mzd.gov.cz/data/číselníky/CIS001,CIS001,Číselník věkových skupin NZIS,https://data.mzd.gov.cz/data/číselníky/CIS001/66075079,66075079,75–79 let,75.0,79.0
https://data.mzd.gov.cz/data/číselníky/CIS001,CIS001,Číselník věkových skupin NZIS,https://data.mzd.gov.cz/data/číselníky/CIS001/66075084,66075084,75–84 let,75.0,84.0
https://data.mzd.gov.cz/data/číselníky/CIS001,CIS001,Číselník věkových skupin NZIS,https://data.mzd.gov.cz/data/číselníky/CIS001/66075999,66075999,75 let a více,75.0,999.0
https://data.mzd.gov.cz/data/číselníky/CIS001,CIS001,Číselník věkových skupin NZIS,https://data.mzd.gov.cz/data/číselníky/CIS001/66076076,66076076,76 let,76.0,76.0
https://data.mzd.gov.cz/data/číselníky/CIS001,CIS001,Číselník věkových skupin NZIS,https://data.mzd.gov.cz/data/číselníky/CIS001/66076080,66076080,76–80 let,76.0,80.0
https://data.mzd.gov.cz/data/číselníky/CIS001,CIS001,Číselník věkových skupin NZIS,https://data.mzd.gov.cz/data/číselníky/CIS001/66077077,66077077,77 let,77.0,77.0
https://data.mzd.gov.cz/data/číselníky/CIS001,CIS001,Číselník věkových skupin NZIS,https://data.mzd.gov.cz/data/číselníky/CIS001/66078078,66078078,78 let,78.0,78.0
https://data.mzd.gov.cz/data/číselníky/CIS001,CIS001,Číselník věkových skupin NZIS,https://data.mzd.gov.cz/data/číselníky/CIS001/66079079,66079079,79 let,79.0,79.0
https://data.mzd.gov.cz/data/číselníky/CIS001,CIS001,Číselník věkových skupin NZIS,https://data.mzd.gov.cz/data/číselníky/CIS001/66080080,66080080,80 let,80.0,80.0
https://data.mzd.gov.cz/data/číselníky/CIS001,CIS001,Číselník věkových skupin NZIS,https://data.mzd.gov.cz/data/číselníky/CIS001/66080084,66080084,80–84 let,80.0,84.0
https://data.mzd.gov.cz/data/číselníky/CIS001,CIS001,Číselník věkových skupin NZIS,https://data.mzd.gov.cz/data/číselníky/CIS001/66080089,66080089,80–89 let,80.0,89.0
https://data.mzd.gov.cz/data/číselníky/CIS001,CIS001,Číselník věkových skupin NZIS,https://data.mzd.gov.cz/data/číselníky/CIS001/66080099,66080099,80–99 let,80.0,99.0
https://data.mzd.gov.cz/data/číselníky/CIS001,CIS001,Číselník věkových skupin NZIS,https://data.mzd.gov.cz/data/číselníky/CIS001/66080999,66080999,80 let a více,80.0,999.0
https://data.mzd.gov.cz/data/číselníky/CIS001,CIS001,Číselník věkových skupin NZIS,https://data.mzd.gov.cz/data/číselníky/CIS001/66081081,66081081,81 let,81.0,81.0
https://data.mzd.gov.cz/data/číselníky/CIS001,CIS001,Číselník věkových skupin NZIS,https://data.mzd.gov.cz/data/číselníky/CIS001/66081085,66081085,81–85 let,81.0,85.0
https://data.mzd.gov.cz/data/číselníky/CIS001,CIS001,Číselník věkových skupin NZIS,https://data.mzd.gov.cz/data/číselníky/CIS001/66082082,66082082,82 let,82.0,82.0
https://data.mzd.gov.cz/data/číselníky/CIS001,CIS001,Číselník věkových skupin NZIS,https://data.mzd.gov.cz/data/číselníky/CIS001/66083083,66083083,83 let,83.0,83.0
https://data.mzd.gov.cz/data/číselníky/CIS001,CIS001,Číselník věkových skupin NZIS,https://data.mzd.gov.cz/data/číselníky/CIS001/66084084,66084084,84 let,84.0,84.0
https://data.mzd.gov.cz/data/číselníky/CIS001,CIS001,Číselník věkových skupin NZIS,https://data.mzd.gov.cz/data/číselníky/CIS001/66085085,66085085,85 let,85.0,85.0
https://data.mzd.gov.cz/data/číselníky/CIS001,CIS001,Číselník věkových skupin NZIS,https://data.mzd.gov.cz/data/číselníky/CIS001/66085089,66085089,85–89 let,85.0,89.0
https://data.mzd.gov.cz/data/číselníky/CIS001,CIS001,Číselník věkových skupin NZIS,https://data.mzd.gov.cz/data/číselníky/CIS001/66085999,66085999,85 let a více,85.0,999.0
https://data.mzd.gov.cz/data/číselníky/CIS001,CIS001,Číselník věkových skupin NZIS,https://data.mzd.gov.cz/data/číselníky/CIS001/66086086,66086086,86 let,86.0,86.0
https://data.mzd.gov.cz/data/číselníky/CIS001,CIS001,Číselník věkových skupin NZIS,https://data.mzd.gov.cz/data/číselníky/CIS001/66086090,66086090,86–90 let,86.0,90.0
https://data.mzd.gov.cz/data/číselníky/CIS001,CIS001,Číselník věkových skupin NZIS,https://data.mzd.gov.cz/data/číselníky/CIS001/66087087,66087087,87 let,87.0,87.0
https://data.mzd.gov.cz/data/číselníky/CIS001,CIS001,Číselník věkových skupin NZIS,https://data.mzd.gov.cz/data/číselníky/CIS001/66088088,66088088,88 let,88.0,88.0
https://data.mzd.gov.cz/data/číselníky/CIS001,CIS001,Číselník věkových skupin NZIS,https://data.mzd.gov.cz/data/číselníky/CIS001/66089089,66089089,89 let,89.0,89.0
https://data.mzd.gov.cz/data/číselníky/CIS001,CIS001,Číselník věkových skupin NZIS,https://data.mzd.gov.cz/data/číselníky/CIS001/66090090,66090090,90 let,90.0,90.0
https://data.mzd.gov.cz/data/číselníky/CIS001,CIS001,Číselník věkových skupin NZIS,https://data.mzd.gov.cz/data/číselníky/CIS001/66090094,66090094,90–94 let,90.0,94.0
https://data.mzd.gov.cz/data/číselníky/CIS001,CIS001,Číselník věkových skupin NZIS,https://data.mzd.gov.cz/data/číselníky/CIS001/66090099,66090099,90–99 let,90.0,99.0
https://data.mzd.gov.cz/data/číselníky/CIS001,CIS001,Číselník věkových skupin NZIS,https://data.mzd.gov.cz/data/číselníky/CIS001/66090999,66090999,90 let a více,90.0,999.0
https://data.mzd.gov.cz/data/číselníky/CIS001,CIS001,Číselník věkových skupin NZIS,https://data.mzd.gov.cz/data/číselníky/CIS001/66091091,66091091,91 let,91.0,91.0
https://data.mzd.gov.cz/data/číselníky/CIS001,CIS001,Číselník věkových skupin NZIS,https://data.mzd.gov.cz/data/číselníky/CIS001/66091999,66091999,91 let a více,91.0,999.0
https://data.mzd.gov.cz/data/číselníky/CIS001,CIS001,Číselník věkových skupin NZIS,https://data.mzd.gov.cz/data/číselníky/CIS001/66092092,66092092,92 let,92.0,92.0
https://data.mzd.gov.cz/data/číselníky/CIS001,CIS001,Číselník věkových skupin NZIS,https://data.mzd.gov.cz/data/číselníky/CIS001/66093093,66093093,93 let,93.0,93.0
https://data.mzd.gov.cz/data/číselníky/CIS001,CIS001,Číselník věkových skupin NZIS,https://data.mzd.gov.cz/data/číselníky/CIS001/66094094,66094094,94 let,94.0,94.0
https://data.mzd.gov.cz/data/číselníky/CIS001,CIS001,Číselník věkových skupin NZIS,https://data.mzd.gov.cz/data/číselníky/CIS001/66095095,66095095,95 let,95.0,95.0
https://data.mzd.gov.cz/data/číselníky/CIS001,CIS001,Číselník věkových skupin NZIS,https://data.mzd.gov.cz/data/číselníky/CIS001/66095099,66095099,95–99 let,95.0,99.0
https://data.mzd.gov.cz/data/číselníky/CIS001,CIS001,Číselník věkových skupin NZIS,https://data.mzd.gov.cz/data/číselníky/CIS001/66095999,66095999,95 let a více,95.0,999.0
https://data.mzd.gov.cz/data/číselníky/CIS001,CIS001,Číselník věkových skupin NZIS,https://data.mzd.gov.cz/data/číselníky/CIS001/66096096,66096096,96 let,96.0,96.0
https://data.mzd.gov.cz/data/číselníky/CIS001,CIS001,Číselník věkových skupin NZIS,https://data.mzd.gov.cz/data/číselníky/CIS001/66097097,66097097,97 let,97.0,97.0
https://data.mzd.gov.cz/data/číselníky/CIS001,CIS001,Číselník věkových skupin NZIS,https://data.mzd.gov.cz/data/číselníky/CIS001/66098098,66098098,98 let,98.0,98.0
https://data.mzd.gov.cz/data/číselníky/CIS001,CIS001,Číselník věkových skupin NZIS,https://data.mzd.gov.cz/data/číselníky/CIS001/66099099,66099099,99 let,99.0,99.0
https://data.mzd.gov.cz/data/číselníky/CIS001,CIS001,Číselník věkových skupin NZIS,https://data.mzd.gov.cz/data/číselníky/CIS001/66099999,66099999,99 let a více,99.0,999.0
https://data.mzd.gov.cz/data/číselníky/CIS001,CIS001,Číselník věkových skupin NZIS,https://data.mzd.gov.cz/data/číselníky/CIS001/66100100,66100100,100 let,100.0,100.0
https://data.mzd.gov.cz/data/číselníky/CIS001,CIS001,Číselník věkových skupin NZIS,https://data.mzd.gov.cz/data/číselníky/CIS001/66100104,66100104,100–104 let,100.0,104.0
https://data.mzd.gov.cz/data/číselníky/CIS001,CIS001,Číselník věkových skupin NZIS,https://data.mzd.gov.cz/data/číselníky/CIS001/66100999,66100999,100 let a více,100.0,999.0
https://data.mzd.gov.cz/data/číselníky/CIS001,CIS001,Číselník věkových skupin NZIS,https://data.mzd.gov.cz/data/číselníky/CIS001/66101101,66101101,101 let,101.0,101.0
https://data.mzd.gov.cz/data/číselníky/CIS001,CIS001,Číselník věkových skupin NZIS,https://data.mzd.gov.cz/data/číselníky/CIS001/66102102,66102102,102 let,102.0,102.0
https://data.mzd.gov.cz/data/číselníky/CIS001,CIS001,Číselník věkových skupin NZIS,https://data.mzd.gov.cz/data/číselníky/CIS001/66103103,66103103,103 let,103.0,103.0
https://data.mzd.gov.cz/data/číselníky/CIS001,CIS001,Číselník věkových skupin NZIS,https://data.mzd.gov.cz/data/číselníky/CIS001/66104104,66104104,104 let,104.0,104.0
https://data.mzd.gov.cz/data/číselníky/CIS001,CIS001,Číselník věkových skupin NZIS,https://data.mzd.gov.cz/data/číselníky/CIS001/66105105,66105105,105 let,105.0,105.0
https://data.mzd.gov.cz/data/číselníky/CIS001,CIS001,Číselník věkových skupin NZIS,https://data.mzd.gov.cz/data/číselníky/CIS001/66105999,66105999,105 let a více,105.0,999.0
https://data.mzd.gov.cz/data/číselníky/CIS001,CIS001,Číselník věkových skupin NZIS,https://data.mzd.gov.cz/data/číselníky/CIS001/66106106,66106106,106 let,106.0,106.0
https://data.mzd.gov.cz/data/číselníky/CIS001,CIS001,Číselník věkových skupin NZIS,https://data.mzd.gov.cz/data/číselníky/CIS001/66107107,66107107,107 let,107.0,107.0
https://data.mzd.gov.cz/data/číselníky/CIS001,CIS001,Číselník věkových skupin NZIS,https://data.mzd.gov.cz/data/číselníky/CIS001/66108108,66108108,108 let,108.0,108.0
https://data.mzd.gov.cz/data/číselníky/CIS001,CIS001,Číselník věkových skupin NZIS,https://data.mzd.gov.cz/data/číselníky/CIS001/66109109,66109109,109 let,109.0,109.0
https://data.mzd.gov.cz/data/číselníky/CIS001,CIS001,Číselník věkových skupin NZIS,https://data.mzd.gov.cz/data/číselníky/CIS001/66110110,66110110,110 let,110.0,110.0
https://data.mzd.gov.cz/data/číselníky/CIS001,CIS001,Číselník věkových skupin NZIS,https://data.mzd.gov.cz/data/číselníky/CIS001/66111111,66111111,111 let,111.0,111.0
https://data.mzd.gov.cz/data/číselníky/CIS001,CIS001,Číselník věkových skupin NZIS,https://data.mzd.gov.cz/data/číselníky/CIS001/66112112,66112112,112 let,112.0,112.0
https://data.mzd.gov.cz/data/číselníky/CIS001,CIS001,Číselník věkových skupin NZIS,https://data.mzd.gov.cz/data/číselníky/CIS001/66113113,66113113,113 let,113.0,113.0
https://data.mzd.gov.cz/data/číselníky/CIS001,CIS001,Číselník věkových skupin NZIS,https://data.mzd.gov.cz/data/číselníky/CIS001/66114114,66114114,114 let,114.0,114.0
https://data.mzd.gov.cz/data/číselníky/CIS001,CIS001,Číselník věkových skupin NZIS,https://data.mzd.gov.cz/data/číselníky/CIS001/66115115,66115115,115 let,115.0,115.0
https://data.mzd.gov.cz/data/číselníky/CIS001,CIS001,Číselník věkových skupin NZIS,https://data.mzd.gov.cz/data/číselníky/CIS001/66116116,66116116,116 let,116.0,116.0
https://data.mzd.gov.cz/data/číselníky/CIS001,CIS001,Číselník věkových skupin NZIS,https://data.mzd.gov.cz/data/číselníky/CIS001/66117117,66117117,117 let,117.0,117.0
https://data.mzd.gov.cz/data/číselníky/CIS001,CIS001,Číselník věkových skupin NZIS,https://data.mzd.gov.cz/data/číselníky/CIS001/66118118,66118118,118 let,118.0,118.0
https://data.mzd.gov.cz/data/číselníky/CIS001,CIS001,Číselník věkových skupin NZIS,https://data.mzd.gov.cz/data/číselníky/CIS001/66119119,66119119,119 let,119.0,119.0
https://data.mzd.gov.cz/data/číselníky/CIS001,CIS001,Číselník věkových skupin NZIS,https://data.mzd.gov.cz/data/číselníky/CIS001/66120120,66120120,120 let,120.0,120.0
https://data.mzd.gov.cz/data/číselníky/CIS001,CIS001,Číselník věkových skupin NZIS,https://data.mzd.gov.cz/data/číselníky/CIS001/70001000,70001000,Neznámé,,
https://data.mzd.gov.cz/data/číselníky/CIS001,CIS001,Číselník věkových skupin NZIS,https://data.mzd.gov.cz/data/číselníky/CIS001/70002000,70002000,Neuvedeno,,
