diagnoza,diagnoza_nazev_v_tabulce,pocet_pripadu_total,pocet_radku,mkn_kod,mkn_kod_tecka,mkn_nazev,mkn_kod_iri,blok_kod,blok_nazev,blok_source,kapitola_kod_rozsah,kapitola_kod,kapitola_nazev,hierarchie_cz,platnost_od,platnost_do
A01,Břišní tyfus a paratyfus,27,27,A01,A01,Břišní tyfus a paratyfus,https://mkn10.uzis.cz/prohlizec/A01,A00-A09,Střevní infekční nemoci,derived_from_MKN10_block_ranges; open_UZIS_CSV_has_no_explicit_block_columns,A00-B99,I.,Některé infekční a parazitární nemoci,I. Některé infekční a parazitární nemoci > A00-A09 Střevní infekční nemoci > A01 Břišní tyfus a paratyfus,1994-01-01,
A02,Jiné infekce způsobené salmonelami,73222,26812,A02,A02,Jiné infekce způsobené salmonelami,https://mkn10.uzis.cz/prohlizec/A02,A00-A09,Střevní infekční nemoci,derived_from_MKN10_block_ranges; open_UZIS_CSV_has_no_explicit_block_columns,A00-B99,I.,Některé infekční a parazitární nemoci,I. Některé infekční a parazitární nemoci > A00-A09 Střevní infekční nemoci > A02 Jiné infekce způsobené salmonelami,1994-01-01,
A03,Shigelóza,867,794,A03,A03,Shigelóza,https://mkn10.uzis.cz/prohlizec/A03,A00-A09,Střevní infekční nemoci,derived_from_MKN10_block_ranges; open_UZIS_CSV_has_no_explicit_block_columns,A00-B99,I.,Některé infekční a parazitární nemoci,I. Některé infekční a parazitární nemoci > A00-A09 Střevní infekční nemoci > A03 Shigelóza,1994-01-01,
A04,Jiné bakteriální střevní infekce,196550,39806,A04,A04,Jiné bakteriální střevní infekce,https://mkn10.uzis.cz/prohlizec/A04,A00-A09,Střevní infekční nemoci,derived_from_MKN10_block_ranges; open_UZIS_CSV_has_no_explicit_block_columns,A00-B99,I.,Některé infekční a parazitární nemoci,I. Některé infekční a parazitární nemoci > A00-A09 Střevní infekční nemoci > A04 Jiné bakteriální střevní infekce,1994-01-01,
A05,"Jiné bakteriální intoxikace – otravy, přenesené potravou",789,231,A05,A05,"Jiné bakteriální intoxikace – otravy, přenesené potravou",https://mkn10.uzis.cz/prohlizec/A05,A00-A09,Střevní infekční nemoci,derived_from_MKN10_block_ranges; open_UZIS_CSV_has_no_explicit_block_columns,A00-B99,I.,Některé infekční a parazitární nemoci,"I. Některé infekční a parazitární nemoci > A00-A09 Střevní infekční nemoci > A05 Jiné bakteriální intoxikace – otravy, přenesené potravou",1994-01-01,
A06,Amébóza,69,67,A06,A06,Amébóza,https://mkn10.uzis.cz/prohlizec/A06,A00-A09,Střevní infekční nemoci,derived_from_MKN10_block_ranges; open_UZIS_CSV_has_no_explicit_block_columns,A00-B99,I.,Některé infekční a parazitární nemoci,I. Některé infekční a parazitární nemoci > A00-A09 Střevní infekční nemoci > A06 Amébóza,1994-01-01,
A07,Jiné protozoární střevní nemoci,704,627,A07,A07,Jiné protozoární střevní nemoci,https://mkn10.uzis.cz/prohlizec/A07,A00-A09,Střevní infekční nemoci,derived_from_MKN10_block_ranges; open_UZIS_CSV_has_no_explicit_block_columns,A00-B99,I.,Některé infekční a parazitární nemoci,I. Některé infekční a parazitární nemoci > A00-A09 Střevní infekční nemoci > A07 Jiné protozoární střevní nemoci,1994-01-01,
A08,Střevní infekce viry a jinými určenými mikroorganismy,69601,17910,A08,A08,Střevní infekce viry a jinými určenými mikroorganismy,https://mkn10.uzis.cz/prohlizec/A08,A00-A09,Střevní infekční nemoci,derived_from_MKN10_block_ranges; open_UZIS_CSV_has_no_explicit_block_columns,A00-B99,I.,Některé infekční a parazitární nemoci,I. Některé infekční a parazitární nemoci > A00-A09 Střevní infekční nemoci > A08 Střevní infekce viry a jinými určenými mikroorganismy,1994-01-01,
A09,Jiná gastroenteritida a kolitida infekčního a NS původu,21048,3787,A09,A09,Jiná gastroenteritida a kolitida infekčního a NS původu,https://mkn10.uzis.cz/prohlizec/A09,A00-A09,Střevní infekční nemoci,derived_from_MKN10_block_ranges; open_UZIS_CSV_has_no_explicit_block_columns,A00-B99,I.,Některé infekční a parazitární nemoci,I. Některé infekční a parazitární nemoci > A00-A09 Střevní infekční nemoci > A09 Jiná gastroenteritida a kolitida infekčního a NS původu,2009-01-01,
A21,Tularemie,483,468,A21,A21,Tularemie,https://mkn10.uzis.cz/prohlizec/A21,A20-A28,Některé bakteriální zoonózy,derived_from_MKN10_block_ranges; open_UZIS_CSV_has_no_explicit_block_columns,A00-B99,I.,Některé infekční a parazitární nemoci,I. Některé infekční a parazitární nemoci > A20-A28 Některé bakteriální zoonózy > A21 Tularemie,1994-01-01,
A23,Brucelóza – vlnivá horečka,12,12,A23,A23,Brucelóza – vlnivá horečka,https://mkn10.uzis.cz/prohlizec/A23,A20-A28,Některé bakteriální zoonózy,derived_from_MKN10_block_ranges; open_UZIS_CSV_has_no_explicit_block_columns,A00-B99,I.,Některé infekční a parazitární nemoci,I. Některé infekční a parazitární nemoci > A20-A28 Některé bakteriální zoonózy > A23 Brucelóza – vlnivá horečka,1994-01-01,
A26,Červenka – erysipeloid,13,13,A26,A26,Červenka – erysipeloid,https://mkn10.uzis.cz/prohlizec/A26,A20-A28,Některé bakteriální zoonózy,derived_from_MKN10_block_ranges; open_UZIS_CSV_has_no_explicit_block_columns,A00-B99,I.,Některé infekční a parazitární nemoci,I. Některé infekční a parazitární nemoci > A20-A28 Některé bakteriální zoonózy > A26 Červenka – erysipeloid,1994-01-01,
A27,Leptospiróza,182,182,A27,A27,Leptospiróza,https://mkn10.uzis.cz/prohlizec/A27,A20-A28,Některé bakteriální zoonózy,derived_from_MKN10_block_ranges; open_UZIS_CSV_has_no_explicit_block_columns,A00-B99,I.,Některé infekční a parazitární nemoci,I. Některé infekční a parazitární nemoci > A20-A28 Některé bakteriální zoonózy > A27 Leptospiróza,1994-01-01,
A28,Další bakteriální zoonózy nezařazené jinde,368,359,A28,A28,Další bakteriální zoonózy nezařazené jinde,https://mkn10.uzis.cz/prohlizec/A28,A20-A28,Některé bakteriální zoonózy,derived_from_MKN10_block_ranges; open_UZIS_CSV_has_no_explicit_block_columns,A00-B99,I.,Některé infekční a parazitární nemoci,I. Některé infekční a parazitární nemoci > A20-A28 Některé bakteriální zoonózy > A28 Další bakteriální zoonózy nezařazené jinde,1994-01-01,
A32,Listerióza [listeriosis],322,319,A32,A32,Listerióza [listeriosis],https://mkn10.uzis.cz/prohlizec/A32,A30-A49,Jiné bakteriální nemoci,derived_from_MKN10_block_ranges; open_UZIS_CSV_has_no_explicit_block_columns,A00-B99,I.,Některé infekční a parazitární nemoci,I. Některé infekční a parazitární nemoci > A30-A49 Jiné bakteriální nemoci > A32 Listerióza [listeriosis],1994-01-01,
A35,Tetanus jiný,3,3,A35,A35,Tetanus jiný,https://mkn10.uzis.cz/prohlizec/A35,A30-A49,Jiné bakteriální nemoci,derived_from_MKN10_block_ranges; open_UZIS_CSV_has_no_explicit_block_columns,A00-B99,I.,Některé infekční a parazitární nemoci,I. Některé infekční a parazitární nemoci > A30-A49 Jiné bakteriální nemoci > A35 Tetanus jiný,1994-01-01,
A36,Záškrt [diphtheria],128,125,A36,A36,Záškrt [diphtheria],https://mkn10.uzis.cz/prohlizec/A36,A30-A49,Jiné bakteriální nemoci,derived_from_MKN10_block_ranges; open_UZIS_CSV_has_no_explicit_block_columns,A00-B99,I.,Některé infekční a parazitární nemoci,I. Některé infekční a parazitární nemoci > A30-A49 Jiné bakteriální nemoci > A36 Záškrt [diphtheria],1994-01-01,
A37,Dávivý kašel [pertussis],45898,10164,A37,A37,Dávivý kašel [pertussis],https://mkn10.uzis.cz/prohlizec/A37,A30-A49,Jiné bakteriální nemoci,derived_from_MKN10_block_ranges; open_UZIS_CSV_has_no_explicit_block_columns,A00-B99,I.,Některé infekční a parazitární nemoci,I. Některé infekční a parazitární nemoci > A30-A49 Jiné bakteriální nemoci > A37 Dávivý kašel [pertussis],1994-01-01,
A38,Spála [scarlatina],18842,4845,A38,A38,Spála [scarlatina],https://mkn10.uzis.cz/prohlizec/A38,A30-A49,Jiné bakteriální nemoci,derived_from_MKN10_block_ranges; open_UZIS_CSV_has_no_explicit_block_columns,A00-B99,I.,Některé infekční a parazitární nemoci,I. Některé infekční a parazitární nemoci > A30-A49 Jiné bakteriální nemoci > A38 Spála [scarlatina],1994-01-01,
A39,Meningokokové infekce,220,219,A39,A39,Meningokokové infekce,https://mkn10.uzis.cz/prohlizec/A39,A30-A49,Jiné bakteriální nemoci,derived_from_MKN10_block_ranges; open_UZIS_CSV_has_no_explicit_block_columns,A00-B99,I.,Některé infekční a parazitární nemoci,I. Některé infekční a parazitární nemoci > A30-A49 Jiné bakteriální nemoci > A39 Meningokokové infekce,1994-01-01,
A40,Streptokoková sepse,4213,3366,A40,A40,Streptokoková sepse,https://mkn10.uzis.cz/prohlizec/A40,A30-A49,Jiné bakteriální nemoci,derived_from_MKN10_block_ranges; open_UZIS_CSV_has_no_explicit_block_columns,A00-B99,I.,Některé infekční a parazitární nemoci,I. Některé infekční a parazitární nemoci > A30-A49 Jiné bakteriální nemoci > A40 Streptokoková sepse,1994-01-01,
A41,Jiná sepse,10466,5836,A41,A41,Jiná sepse,https://mkn10.uzis.cz/prohlizec/A41,A30-A49,Jiné bakteriální nemoci,derived_from_MKN10_block_ranges; open_UZIS_CSV_has_no_explicit_block_columns,A00-B99,I.,Některé infekční a parazitární nemoci,I. Některé infekční a parazitární nemoci > A30-A49 Jiné bakteriální nemoci > A41 Jiná sepse,1994-01-01,
A42,Aktinomykóza – actinomycosis,15,15,A42,A42,Aktinomykóza – actinomycosis,https://mkn10.uzis.cz/prohlizec/A42,A30-A49,Jiné bakteriální nemoci,derived_from_MKN10_block_ranges; open_UZIS_CSV_has_no_explicit_block_columns,A00-B99,I.,Některé infekční a parazitární nemoci,I. Některé infekční a parazitární nemoci > A30-A49 Jiné bakteriální nemoci > A42 Aktinomykóza – actinomycosis,1994-01-01,
A46,Růže – erysipel,20264,10928,A46,A46,Růže – erysipel,https://mkn10.uzis.cz/prohlizec/A46,A30-A49,Jiné bakteriální nemoci,derived_from_MKN10_block_ranges; open_UZIS_CSV_has_no_explicit_block_columns,A00-B99,I.,Některé infekční a parazitární nemoci,I. Některé infekční a parazitární nemoci > A30-A49 Jiné bakteriální nemoci > A46 Růže – erysipel,1994-01-01,
A48,Jiné bakteriální nemoci nezařazené jinde,3002,2395,A48,A48,Jiné bakteriální nemoci nezařazené jinde,https://mkn10.uzis.cz/prohlizec/A48,A30-A49,Jiné bakteriální nemoci,derived_from_MKN10_block_ranges; open_UZIS_CSV_has_no_explicit_block_columns,A00-B99,I.,Některé infekční a parazitární nemoci,I. Některé infekční a parazitární nemoci > A30-A49 Jiné bakteriální nemoci > A48 Jiné bakteriální nemoci nezařazené jinde,1994-01-01,
A56,Jiná chlamydiová onemocnění přenášená pohlavním stykem,15211,8261,A56,A56,Jiná chlamydiová onemocnění přenášená pohlavním stykem,https://mkn10.uzis.cz/prohlizec/A56,A50-A64,Infekce přenášené převážně pohlavním stykem,derived_from_MKN10_block_ranges; open_UZIS_CSV_has_no_explicit_block_columns,A00-B99,I.,Některé infekční a parazitární nemoci,I. Některé infekční a parazitární nemoci > A50-A64 Infekce přenášené převážně pohlavním stykem > A56 Jiná chlamydiová onemocnění přenášená pohlavním stykem,1994-01-01,
A59,Trichomoniáza,410,389,A59,A59,Trichomoniáza,https://mkn10.uzis.cz/prohlizec/A59,A50-A64,Infekce přenášené převážně pohlavním stykem,derived_from_MKN10_block_ranges; open_UZIS_CSV_has_no_explicit_block_columns,A00-B99,I.,Některé infekční a parazitární nemoci,I. Některé infekční a parazitární nemoci > A50-A64 Infekce přenášené převážně pohlavním stykem > A59 Trichomoniáza,1994-01-01,
A63,"Jiné, převážně pohlavním stykem přenášené nemoci nezařazené jinde",458,420,A63,A63,"Jiné, převážně pohlavním stykem přenášené nemoci nezařazené jinde",https://mkn10.uzis.cz/prohlizec/A63,A50-A64,Infekce přenášené převážně pohlavním stykem,derived_from_MKN10_block_ranges; open_UZIS_CSV_has_no_explicit_block_columns,A00-B99,I.,Některé infekční a parazitární nemoci,"I. Některé infekční a parazitární nemoci > A50-A64 Infekce přenášené převážně pohlavním stykem > A63 Jiné, převážně pohlavním stykem přenášené nemoci nezařazené jinde",1994-01-01,
A69,Jiné spirochetové infekce,37573,17772,A69,A69,Jiné spirochetové infekce,https://mkn10.uzis.cz/prohlizec/A69,A65-A69,Jiné spirochetové nemoci,derived_from_MKN10_block_ranges; open_UZIS_CSV_has_no_explicit_block_columns,A00-B99,I.,Některé infekční a parazitární nemoci,I. Některé infekční a parazitární nemoci > A65-A69 Jiné spirochetové nemoci > A69 Jiné spirochetové infekce,1994-01-01,
A70,Infekce původce: Chlamydia psittaci,2,2,A70,A70,Infekce původce: Chlamydia psittaci,https://mkn10.uzis.cz/prohlizec/A70,A70-A74,Jiné nemoci způsobené chlamydiemi,derived_from_MKN10_block_ranges; open_UZIS_CSV_has_no_explicit_block_columns,A00-B99,I.,Některé infekční a parazitární nemoci,I. Některé infekční a parazitární nemoci > A70-A74 Jiné nemoci způsobené chlamydiemi > A70 Infekce původce: Chlamydia psittaci,1994-01-01,
A74,Jiné nemoci způsobené chlamydiemi,148,145,A74,A74,Jiné nemoci způsobené chlamydiemi,https://mkn10.uzis.cz/prohlizec/A74,A70-A74,Jiné nemoci způsobené chlamydiemi,derived_from_MKN10_block_ranges; open_UZIS_CSV_has_no_explicit_block_columns,A00-B99,I.,Některé infekční a parazitární nemoci,I. Některé infekční a parazitární nemoci > A70-A74 Jiné nemoci způsobené chlamydiemi > A74 Jiné nemoci způsobené chlamydiemi,1994-01-01,
A77,Purpurová horečka (rickettsióza přenášená klíštětem),2,2,A77,A77,Purpurová horečka (rickettsióza přenášená klíštětem),https://mkn10.uzis.cz/prohlizec/A77,A75-A79,Rickettsiózy,derived_from_MKN10_block_ranges; open_UZIS_CSV_has_no_explicit_block_columns,A00-B99,I.,Některé infekční a parazitární nemoci,I. Některé infekční a parazitární nemoci > A75-A79 Rickettsiózy > A77 Purpurová horečka (rickettsióza přenášená klíštětem),1994-01-01,
A78,Q horečka,12,12,A78,A78,Q horečka,https://mkn10.uzis.cz/prohlizec/A78,A75-A79,Rickettsiózy,derived_from_MKN10_block_ranges; open_UZIS_CSV_has_no_explicit_block_columns,A00-B99,I.,Některé infekční a parazitární nemoci,I. Některé infekční a parazitární nemoci > A75-A79 Rickettsiózy > A78 Q horečka,1994-01-01,
A79,Jiné rickettsiózy,40,40,A79,A79,Jiné rickettsiózy,https://mkn10.uzis.cz/prohlizec/A79,A75-A79,Rickettsiózy,derived_from_MKN10_block_ranges; open_UZIS_CSV_has_no_explicit_block_columns,A00-B99,I.,Některé infekční a parazitární nemoci,I. Některé infekční a parazitární nemoci > A75-A79 Rickettsiózy > A79 Jiné rickettsiózy,1994-01-01,
A81,Atypické virové infekce centrální nervové soustavy,170,166,A81,A81,Atypické virové infekce centrální nervové soustavy,https://mkn10.uzis.cz/prohlizec/A81,A80-A89,Virové infekce centrální nervové soustavy,derived_from_MKN10_block_ranges; open_UZIS_CSV_has_no_explicit_block_columns,A00-B99,I.,Některé infekční a parazitární nemoci,I. Některé infekční a parazitární nemoci > A80-A89 Virové infekce centrální nervové soustavy > A81 Atypické virové infekce centrální nervové soustavy,1994-01-01,
A83,Virová encefalitida přenášená komáry,1,1,A83,A83,Virová encefalitida přenášená komáry,https://mkn10.uzis.cz/prohlizec/A83,A80-A89,Virové infekce centrální nervové soustavy,derived_from_MKN10_block_ranges; open_UZIS_CSV_has_no_explicit_block_columns,A00-B99,I.,Některé infekční a parazitární nemoci,I. Některé infekční a parazitární nemoci > A80-A89 Virové infekce centrální nervové soustavy > A83 Virová encefalitida přenášená komáry,1994-01-01,
A84,Virová encefalitida přenášená klíšťaty,5567,4648,A84,A84,Virová encefalitida přenášená klíšťaty,https://mkn10.uzis.cz/prohlizec/A84,A80-A89,Virové infekce centrální nervové soustavy,derived_from_MKN10_block_ranges; open_UZIS_CSV_has_no_explicit_block_columns,A00-B99,I.,Některé infekční a parazitární nemoci,I. Některé infekční a parazitární nemoci > A80-A89 Virové infekce centrální nervové soustavy > A84 Virová encefalitida přenášená klíšťaty,1994-01-01,
A86,Neurčená virová encefalitida,116,115,A86,A86,Neurčená virová encefalitida,https://mkn10.uzis.cz/prohlizec/A86,A80-A89,Virové infekce centrální nervové soustavy,derived_from_MKN10_block_ranges; open_UZIS_CSV_has_no_explicit_block_columns,A00-B99,I.,Některé infekční a parazitární nemoci,I. Některé infekční a parazitární nemoci > A80-A89 Virové infekce centrální nervové soustavy > A86 Neurčená virová encefalitida,1994-01-01,
A87,Virová meningitida,1856,1662,A87,A87,Virová meningitida,https://mkn10.uzis.cz/prohlizec/A87,A80-A89,Virové infekce centrální nervové soustavy,derived_from_MKN10_block_ranges; open_UZIS_CSV_has_no_explicit_block_columns,A00-B99,I.,Některé infekční a parazitární nemoci,I. Některé infekční a parazitární nemoci > A80-A89 Virové infekce centrální nervové soustavy > A87 Virová meningitida,1994-01-01,
A88,Jiné virové infekce centrální nervové soustavy nezařazené jinde,3,3,A88,A88,Jiné virové infekce centrální nervové soustavy nezařazené jinde,https://mkn10.uzis.cz/prohlizec/A88,A80-A89,Virové infekce centrální nervové soustavy,derived_from_MKN10_block_ranges; open_UZIS_CSV_has_no_explicit_block_columns,A00-B99,I.,Některé infekční a parazitární nemoci,I. Některé infekční a parazitární nemoci > A80-A89 Virové infekce centrální nervové soustavy > A88 Jiné virové infekce centrální nervové soustavy nezařazené jinde,1994-01-01,
A89,Neurčená virová infekce centrální nervové soustavy,24,24,A89,A89,Neurčená virová infekce centrální nervové soustavy,https://mkn10.uzis.cz/prohlizec/A89,A80-A89,Virové infekce centrální nervové soustavy,derived_from_MKN10_block_ranges; open_UZIS_CSV_has_no_explicit_block_columns,A00-B99,I.,Některé infekční a parazitární nemoci,I. Některé infekční a parazitární nemoci > A80-A89 Virové infekce centrální nervové soustavy > A89 Neurčená virová infekce centrální nervové soustavy,1994-01-01,
A92,Jiná virová horečka přenášená komáry,73,73,A92,A92,Jiná virová horečka přenášená komáry,https://mkn10.uzis.cz/prohlizec/A92,A92-A99,Virové horečky a virové hemoragické horečky přenášené členovci,derived_from_MKN10_block_ranges; open_UZIS_CSV_has_no_explicit_block_columns,A00-B99,I.,Některé infekční a parazitární nemoci,I. Některé infekční a parazitární nemoci > A92-A99 Virové horečky a virové hemoragické horečky přenášené členovci > A92 Jiná virová horečka přenášená komáry,1994-01-01,
A93,Jiné virové horečky přenášené členovci nezařazené jinde,4,4,A93,A93,Jiné virové horečky přenášené členovci nezařazené jinde,https://mkn10.uzis.cz/prohlizec/A93,A92-A99,Virové horečky a virové hemoragické horečky přenášené členovci,derived_from_MKN10_block_ranges; open_UZIS_CSV_has_no_explicit_block_columns,A00-B99,I.,Některé infekční a parazitární nemoci,I. Některé infekční a parazitární nemoci > A92-A99 Virové horečky a virové hemoragické horečky přenášené členovci > A93 Jiné virové horečky přenášené členovci nezařazené jinde,1994-01-01,
A94,Neurčená virová horečka přenášená členovci,1,1,A94,A94,Neurčená virová horečka přenášená členovci,https://mkn10.uzis.cz/prohlizec/A94,A92-A99,Virové horečky a virové hemoragické horečky přenášené členovci,derived_from_MKN10_block_ranges; open_UZIS_CSV_has_no_explicit_block_columns,A00-B99,I.,Některé infekční a parazitární nemoci,I. Některé infekční a parazitární nemoci > A92-A99 Virové horečky a virové hemoragické horečky přenášené členovci > A94 Neurčená virová horečka přenášená členovci,1994-01-01,
A95,Žlutá zimnice,1,1,A95,A95,Žlutá zimnice,https://mkn10.uzis.cz/prohlizec/A95,A92-A99,Virové horečky a virové hemoragické horečky přenášené členovci,derived_from_MKN10_block_ranges; open_UZIS_CSV_has_no_explicit_block_columns,A00-B99,I.,Některé infekční a parazitární nemoci,I. Některé infekční a parazitární nemoci > A92-A99 Virové horečky a virové hemoragické horečky přenášené členovci > A95 Žlutá zimnice,1994-01-01,
A97,Dengue,489,470,A97,A97,Dengue,https://mkn10.uzis.cz/prohlizec/A97,A92-A99,Virové horečky a virové hemoragické horečky přenášené členovci,derived_from_MKN10_block_ranges; open_UZIS_CSV_has_no_explicit_block_columns,A00-B99,I.,Některé infekční a parazitární nemoci,I. Některé infekční a parazitární nemoci > A92-A99 Virové horečky a virové hemoragické horečky přenášené členovci > A97 Dengue,2021-01-01,
A98,Jiná virová hemoragická horečka nezařazená jinde,72,69,A98,A98,Jiná virová hemoragická horečka nezařazená jinde,https://mkn10.uzis.cz/prohlizec/A98,A92-A99,Virové horečky a virové hemoragické horečky přenášené členovci,derived_from_MKN10_block_ranges; open_UZIS_CSV_has_no_explicit_block_columns,A00-B99,I.,Některé infekční a parazitární nemoci,I. Některé infekční a parazitární nemoci > A92-A99 Virové horečky a virové hemoragické horečky přenášené členovci > A98 Jiná virová hemoragická horečka nezařazená jinde,1994-01-01,
B00,Infekce virem Herpes simplex,1119,1078,B00,B00,Infekce virem Herpes simplex,https://mkn10.uzis.cz/prohlizec/B00,B00-B09,Virové infekce charakterizované postižením kůže a sliznice,derived_from_MKN10_block_ranges; open_UZIS_CSV_has_no_explicit_block_columns,A00-B99,I.,Některé infekční a parazitární nemoci,I. Některé infekční a parazitární nemoci > B00-B09 Virové infekce charakterizované postižením kůže a sliznice > B00 Infekce virem Herpes simplex,1994-01-01,
B01,Plané neštovice [varicella],275635,13613,B01,B01,Plané neštovice [varicella],https://mkn10.uzis.cz/prohlizec/B01,B00-B09,Virové infekce charakterizované postižením kůže a sliznice,derived_from_MKN10_block_ranges; open_UZIS_CSV_has_no_explicit_block_columns,A00-B99,I.,Některé infekční a parazitární nemoci,I. Některé infekční a parazitární nemoci > B00-B09 Virové infekce charakterizované postižením kůže a sliznice > B01 Plané neštovice [varicella],1994-01-01,
B02,Pásový opar [herpes zoster],39721,20183,B02,B02,Pásový opar [herpes zoster],https://mkn10.uzis.cz/prohlizec/B02,B00-B09,Virové infekce charakterizované postižením kůže a sliznice,derived_from_MKN10_block_ranges; open_UZIS_CSV_has_no_explicit_block_columns,A00-B99,I.,Některé infekční a parazitární nemoci,I. Některé infekční a parazitární nemoci > B00-B09 Virové infekce charakterizované postižením kůže a sliznice > B02 Pásový opar [herpes zoster],1994-01-01,
B04,Opičí neštovice,110,76,B04,B04,Opičí neštovice,https://mkn10.uzis.cz/prohlizec/B04,B00-B09,Virové infekce charakterizované postižením kůže a sliznice,derived_from_MKN10_block_ranges; open_UZIS_CSV_has_no_explicit_block_columns,A00-B99,I.,Některé infekční a parazitární nemoci,I. Některé infekční a parazitární nemoci > B00-B09 Virové infekce charakterizované postižením kůže a sliznice > B04 Opičí neštovice,1994-01-01,
B05,Spalničky,877,617,B05,B05,Spalničky,https://mkn10.uzis.cz/prohlizec/B05,B00-B09,Virové infekce charakterizované postižením kůže a sliznice,derived_from_MKN10_block_ranges; open_UZIS_CSV_has_no_explicit_block_columns,A00-B99,I.,Některé infekční a parazitární nemoci,I. Některé infekční a parazitární nemoci > B00-B09 Virové infekce charakterizované postižením kůže a sliznice > B05 Spalničky,1994-01-01,
B06,Zarděnky [rubeola],2,2,B06,B06,Zarděnky [rubeola],https://mkn10.uzis.cz/prohlizec/B06,B00-B09,Virové infekce charakterizované postižením kůže a sliznice,derived_from_MKN10_block_ranges; open_UZIS_CSV_has_no_explicit_block_columns,A00-B99,I.,Některé infekční a parazitární nemoci,I. Některé infekční a parazitární nemoci > B00-B09 Virové infekce charakterizované postižením kůže a sliznice > B06 Zarděnky [rubeola],1994-01-01,
B07,Virové bradavice,13,13,B07,B07,Virové bradavice,https://mkn10.uzis.cz/prohlizec/B07,B00-B09,Virové infekce charakterizované postižením kůže a sliznice,derived_from_MKN10_block_ranges; open_UZIS_CSV_has_no_explicit_block_columns,A00-B99,I.,Některé infekční a parazitární nemoci,I. Některé infekční a parazitární nemoci > B00-B09 Virové infekce charakterizované postižením kůže a sliznice > B07 Virové bradavice,1994-01-01,
B08,Jiné virové infekce charakterizované postižením kůže a sliznic NJ,27234,6258,B08,B08,Jiné virové infekce charakterizované postižením kůže a sliznic nezařazené jinde,https://mkn10.uzis.cz/prohlizec/B08,B00-B09,Virové infekce charakterizované postižením kůže a sliznice,derived_from_MKN10_block_ranges; open_UZIS_CSV_has_no_explicit_block_columns,A00-B99,I.,Některé infekční a parazitární nemoci,I. Některé infekční a parazitární nemoci > B00-B09 Virové infekce charakterizované postižením kůže a sliznice > B08 Jiné virové infekce charakterizované postižením kůže a sliznic nezařazené jinde,1994-01-01,
B09,Neurčené virové infekce charakterizované postižením kůže a sliznic,142,63,B09,B09,Neurčené virové infekce charakterizované postižením kůže a sliznic,https://mkn10.uzis.cz/prohlizec/B09,B00-B09,Virové infekce charakterizované postižením kůže a sliznice,derived_from_MKN10_block_ranges; open_UZIS_CSV_has_no_explicit_block_columns,A00-B99,I.,Některé infekční a parazitární nemoci,I. Některé infekční a parazitární nemoci > B00-B09 Virové infekce charakterizované postižením kůže a sliznice > B09 Neurčené virové infekce charakterizované postižením kůže a sliznic,1994-01-01,
B15,Akutní hepatitida A,4867,2659,B15,B15,Akutní hepatitida A,https://mkn10.uzis.cz/prohlizec/B15,B15-B19,Virová hepatitida,derived_from_MKN10_block_ranges; open_UZIS_CSV_has_no_explicit_block_columns,A00-B99,I.,Některé infekční a parazitární nemoci,I. Některé infekční a parazitární nemoci > B15-B19 Virová hepatitida > B15 Akutní hepatitida A,1994-01-01,
B16,Akutní hepatitida B,301,293,B16,B16,Akutní hepatitida B,https://mkn10.uzis.cz/prohlizec/B16,B15-B19,Virová hepatitida,derived_from_MKN10_block_ranges; open_UZIS_CSV_has_no_explicit_block_columns,A00-B99,I.,Některé infekční a parazitární nemoci,I. Některé infekční a parazitární nemoci > B15-B19 Virová hepatitida > B16 Akutní hepatitida B,1994-01-01,
B17,Jiná akutní virová hepatitida,4486,3781,B17,B17,Jiná akutní virová hepatitida,https://mkn10.uzis.cz/prohlizec/B17,B15-B19,Virová hepatitida,derived_from_MKN10_block_ranges; open_UZIS_CSV_has_no_explicit_block_columns,A00-B99,I.,Některé infekční a parazitární nemoci,I. Některé infekční a parazitární nemoci > B15-B19 Virová hepatitida > B17 Jiná akutní virová hepatitida,1994-01-01,
B18,Chronická virová hepatitida,9835,7178,B18,B18,Chronická virová hepatitida,https://mkn10.uzis.cz/prohlizec/B18,B15-B19,Virová hepatitida,derived_from_MKN10_block_ranges; open_UZIS_CSV_has_no_explicit_block_columns,A00-B99,I.,Některé infekční a parazitární nemoci,I. Některé infekční a parazitární nemoci > B15-B19 Virová hepatitida > B18 Chronická virová hepatitida,1994-01-01,
B19,Neurčená virová hepatitida,2,2,B19,B19,Neurčená virová hepatitida,https://mkn10.uzis.cz/prohlizec/B19,B15-B19,Virová hepatitida,derived_from_MKN10_block_ranges; open_UZIS_CSV_has_no_explicit_block_columns,A00-B99,I.,Některé infekční a parazitární nemoci,I. Některé infekční a parazitární nemoci > B15-B19 Virová hepatitida > B19 Neurčená virová hepatitida,1994-01-01,
B25,Cytomegalovirová nemoc,417,401,B25,B25,Cytomegalovirová nemoc,https://mkn10.uzis.cz/prohlizec/B25,B25-B34,Jiné virové nemoci,derived_from_MKN10_block_ranges; open_UZIS_CSV_has_no_explicit_block_columns,A00-B99,I.,Některé infekční a parazitární nemoci,I. Některé infekční a parazitární nemoci > B25-B34 Jiné virové nemoci > B25 Cytomegalovirová nemoc,1994-01-01,
B26,Příušnice [parotitis epidemica],1740,1073,B26,B26,Příušnice [parotitis epidemica],https://mkn10.uzis.cz/prohlizec/B26,B25-B34,Jiné virové nemoci,derived_from_MKN10_block_ranges; open_UZIS_CSV_has_no_explicit_block_columns,A00-B99,I.,Některé infekční a parazitární nemoci,I. Některé infekční a parazitární nemoci > B25-B34 Jiné virové nemoci > B26 Příušnice [parotitis epidemica],1994-01-01,
B27,Infekční mononukleóza,12138,7461,B27,B27,Infekční mononukleóza,https://mkn10.uzis.cz/prohlizec/B27,B25-B34,Jiné virové nemoci,derived_from_MKN10_block_ranges; open_UZIS_CSV_has_no_explicit_block_columns,A00-B99,I.,Některé infekční a parazitární nemoci,I. Některé infekční a parazitární nemoci > B25-B34 Jiné virové nemoci > B27 Infekční mononukleóza,1994-01-01,
B30,Virová konjunktivitida,47,15,B30,B30,Virová konjunktivitida,https://mkn10.uzis.cz/prohlizec/B30,B25-B34,Jiné virové nemoci,derived_from_MKN10_block_ranges; open_UZIS_CSV_has_no_explicit_block_columns,A00-B99,I.,Některé infekční a parazitární nemoci,I. Některé infekční a parazitární nemoci > B25-B34 Jiné virové nemoci > B30 Virová konjunktivitida,1994-01-01,
B33,Jiná virová onemocnění nezařazená jinde,5,5,B33,B33,Jiná virová onemocnění nezařazená jinde,https://mkn10.uzis.cz/prohlizec/B33,B25-B34,Jiné virové nemoci,derived_from_MKN10_block_ranges; open_UZIS_CSV_has_no_explicit_block_columns,A00-B99,I.,Některé infekční a parazitární nemoci,I. Některé infekční a parazitární nemoci > B25-B34 Jiné virové nemoci > B33 Jiná virová onemocnění nezařazená jinde,1994-01-01,
B35,Dermatofytóza,3373,2705,B35,B35,Dermatofytóza,https://mkn10.uzis.cz/prohlizec/B35,B35-B49,Mykózy,derived_from_MKN10_block_ranges; open_UZIS_CSV_has_no_explicit_block_columns,A00-B99,I.,Některé infekční a parazitární nemoci,I. Některé infekční a parazitární nemoci > B35-B49 Mykózy > B35 Dermatofytóza,1994-01-01,
B36,Jiné povrchové mykózy,29,29,B36,B36,Jiné povrchové mykózy,https://mkn10.uzis.cz/prohlizec/B36,B35-B49,Mykózy,derived_from_MKN10_block_ranges; open_UZIS_CSV_has_no_explicit_block_columns,A00-B99,I.,Některé infekční a parazitární nemoci,I. Některé infekční a parazitární nemoci > B35-B49 Mykózy > B36 Jiné povrchové mykózy,1994-01-01,
B37,Kandidóza [candidosis],78,77,B37,B37,Kandidóza [candidosis],https://mkn10.uzis.cz/prohlizec/B37,B35-B49,Mykózy,derived_from_MKN10_block_ranges; open_UZIS_CSV_has_no_explicit_block_columns,A00-B99,I.,Některé infekční a parazitární nemoci,I. Některé infekční a parazitární nemoci > B35-B49 Mykózy > B37 Kandidóza [candidosis],1994-01-01,
B45,Kryptokokóza [cryptococcosis],10,10,B45,B45,Kryptokokóza [cryptococcosis],https://mkn10.uzis.cz/prohlizec/B45,B35-B49,Mykózy,derived_from_MKN10_block_ranges; open_UZIS_CSV_has_no_explicit_block_columns,A00-B99,I.,Některé infekční a parazitární nemoci,I. Některé infekční a parazitární nemoci > B35-B49 Mykózy > B45 Kryptokokóza [cryptococcosis],1994-01-01,
B48,Jiné mykózy nezařazené jinde,3,3,B48,B48,Jiné mykózy nezařazené jinde,https://mkn10.uzis.cz/prohlizec/B48,B35-B49,Mykózy,derived_from_MKN10_block_ranges; open_UZIS_CSV_has_no_explicit_block_columns,A00-B99,I.,Některé infekční a parazitární nemoci,I. Některé infekční a parazitární nemoci > B35-B49 Mykózy > B48 Jiné mykózy nezařazené jinde,1994-01-01,
B50,Malárie‚ původce: Plasmodium falciparum,184,181,B50,B50,Malárie‚ původce: Plasmodium falciparum,https://mkn10.uzis.cz/prohlizec/B50,B50-B64,Protozoární nemoci,derived_from_MKN10_block_ranges; open_UZIS_CSV_has_no_explicit_block_columns,A00-B99,I.,Některé infekční a parazitární nemoci,I. Některé infekční a parazitární nemoci > B50-B64 Protozoární nemoci > B50 Malárie‚ původce: Plasmodium falciparum,1994-01-01,
B51,Malárie‚ původce: Plasmodium vivax,23,22,B51,B51,Malárie‚ původce: Plasmodium vivax,https://mkn10.uzis.cz/prohlizec/B51,B50-B64,Protozoární nemoci,derived_from_MKN10_block_ranges; open_UZIS_CSV_has_no_explicit_block_columns,A00-B99,I.,Některé infekční a parazitární nemoci,I. Některé infekční a parazitární nemoci > B50-B64 Protozoární nemoci > B51 Malárie‚ původce: Plasmodium vivax,1994-01-01,
B52,Malárie‚ původce: Plasmodium malariae,8,8,B52,B52,Malárie‚ původce: Plasmodium malariae,https://mkn10.uzis.cz/prohlizec/B52,B50-B64,Protozoární nemoci,derived_from_MKN10_block_ranges; open_UZIS_CSV_has_no_explicit_block_columns,A00-B99,I.,Některé infekční a parazitární nemoci,I. Některé infekční a parazitární nemoci > B50-B64 Protozoární nemoci > B52 Malárie‚ původce: Plasmodium malariae,1994-01-01,
B53,Jiná parazitologicky ověřená malárie,17,17,B53,B53,Jiná parazitologicky ověřená malárie,https://mkn10.uzis.cz/prohlizec/B53,B50-B64,Protozoární nemoci,derived_from_MKN10_block_ranges; open_UZIS_CSV_has_no_explicit_block_columns,A00-B99,I.,Některé infekční a parazitární nemoci,I. Některé infekční a parazitární nemoci > B50-B64 Protozoární nemoci > B53 Jiná parazitologicky ověřená malárie,1994-01-01,
B54,Malárie NS,10,10,B54,B54,Malárie NS,https://mkn10.uzis.cz/prohlizec/B54,B50-B64,Protozoární nemoci,derived_from_MKN10_block_ranges; open_UZIS_CSV_has_no_explicit_block_columns,A00-B99,I.,Některé infekční a parazitární nemoci,I. Některé infekční a parazitární nemoci > B50-B64 Protozoární nemoci > B54 Malárie NS,1994-01-01,
B55,Leishmanióza [leishmaniasis],10,10,B55,B55,Leishmanióza [leishmaniasis],https://mkn10.uzis.cz/prohlizec/B55,B50-B64,Protozoární nemoci,derived_from_MKN10_block_ranges; open_UZIS_CSV_has_no_explicit_block_columns,A00-B99,I.,Některé infekční a parazitární nemoci,I. Některé infekční a parazitární nemoci > B50-B64 Protozoární nemoci > B55 Leishmanióza [leishmaniasis],1994-01-01,
B58,Toxoplazmóza [toxoplasmosis],784,768,B58,B58,Toxoplazmóza [toxoplasmosis],https://mkn10.uzis.cz/prohlizec/B58,B50-B64,Protozoární nemoci,derived_from_MKN10_block_ranges; open_UZIS_CSV_has_no_explicit_block_columns,A00-B99,I.,Některé infekční a parazitární nemoci,I. Některé infekční a parazitární nemoci > B50-B64 Protozoární nemoci > B58 Toxoplazmóza [toxoplasmosis],1994-01-01,
B59,Pneumocystóza [pneumocystosis] (J17.3*),5,5,B59,B59,Pneumocystóza [pneumocystosis] (J17.3*),https://mkn10.uzis.cz/prohlizec/B59,B50-B64,Protozoární nemoci,derived_from_MKN10_block_ranges; open_UZIS_CSV_has_no_explicit_block_columns,A00-B99,I.,Některé infekční a parazitární nemoci,I. Některé infekční a parazitární nemoci > B50-B64 Protozoární nemoci > B59 Pneumocystóza [pneumocystosis] (J17.3*),1994-01-01,2020-12-31
B60,Jiné protozoární nemoci nezařazené jinde,3,3,B60,B60,Jiné protozoární nemoci nezařazené jinde,https://mkn10.uzis.cz/prohlizec/B60,B50-B64,Protozoární nemoci,derived_from_MKN10_block_ranges; open_UZIS_CSV_has_no_explicit_block_columns,A00-B99,I.,Některé infekční a parazitární nemoci,I. Některé infekční a parazitární nemoci > B50-B64 Protozoární nemoci > B60 Jiné protozoární nemoci nezařazené jinde,1994-01-01,
B65,Schistozomóza [schistosomiasis] a bilharzióza [bilharziasis],116,67,B65,B65,Schistozomóza [schistosomiasis] a bilharzióza [bilharziasis],https://mkn10.uzis.cz/prohlizec/B65,B65-B83,Helmintózy – hlístové nemoci,derived_from_MKN10_block_ranges; open_UZIS_CSV_has_no_explicit_block_columns,A00-B99,I.,Některé infekční a parazitární nemoci,I. Některé infekční a parazitární nemoci > B65-B83 Helmintózy – hlístové nemoci > B65 Schistozomóza [schistosomiasis] a bilharzióza [bilharziasis],1994-01-01,
B67,Echinokokóza,60,59,B67,B67,Echinokokóza,https://mkn10.uzis.cz/prohlizec/B67,B65-B83,Helmintózy – hlístové nemoci,derived_from_MKN10_block_ranges; open_UZIS_CSV_has_no_explicit_block_columns,A00-B99,I.,Některé infekční a parazitární nemoci,I. Některé infekční a parazitární nemoci > B65-B83 Helmintózy – hlístové nemoci > B67 Echinokokóza,1994-01-01,
B68,Tenióza [taeniasis] – napadení tasemnicí,24,24,B68,B68,Tenióza [taeniasis] – napadení tasemnicí,https://mkn10.uzis.cz/prohlizec/B68,B65-B83,Helmintózy – hlístové nemoci,derived_from_MKN10_block_ranges; open_UZIS_CSV_has_no_explicit_block_columns,A00-B99,I.,Některé infekční a parazitární nemoci,I. Některé infekční a parazitární nemoci > B65-B83 Helmintózy – hlístové nemoci > B68 Tenióza [taeniasis] – napadení tasemnicí,1994-01-01,
B69,Cysticerkóza,1,1,B69,B69,Cysticerkóza,https://mkn10.uzis.cz/prohlizec/B69,B65-B83,Helmintózy – hlístové nemoci,derived_from_MKN10_block_ranges; open_UZIS_CSV_has_no_explicit_block_columns,A00-B99,I.,Některé infekční a parazitární nemoci,I. Některé infekční a parazitární nemoci > B65-B83 Helmintózy – hlístové nemoci > B69 Cysticerkóza,1994-01-01,
B70,Difylobotrióza [diphyllobothriasis] a sparganóza [sparganosis],1,1,B70,B70,Difylobotrióza [diphyllobothriasis] a sparganóza [sparganosis],https://mkn10.uzis.cz/prohlizec/B70,B65-B83,Helmintózy – hlístové nemoci,derived_from_MKN10_block_ranges; open_UZIS_CSV_has_no_explicit_block_columns,A00-B99,I.,Některé infekční a parazitární nemoci,I. Některé infekční a parazitární nemoci > B65-B83 Helmintózy – hlístové nemoci > B70 Difylobotrióza [diphyllobothriasis] a sparganóza [sparganosis],1994-01-01,
B71,Jiné infekce cestody – tasemnicemi,11,11,B71,B71,Jiné infekce cestody – tasemnicemi,https://mkn10.uzis.cz/prohlizec/B71,B65-B83,Helmintózy – hlístové nemoci,derived_from_MKN10_block_ranges; open_UZIS_CSV_has_no_explicit_block_columns,A00-B99,I.,Některé infekční a parazitární nemoci,I. Některé infekční a parazitární nemoci > B65-B83 Helmintózy – hlístové nemoci > B71 Jiné infekce cestody – tasemnicemi,1994-01-01,
B75,Trichinóza [trichinellosis],1,1,B75,B75,Trichinóza [trichinellosis],https://mkn10.uzis.cz/prohlizec/B75,B65-B83,Helmintózy – hlístové nemoci,derived_from_MKN10_block_ranges; open_UZIS_CSV_has_no_explicit_block_columns,A00-B99,I.,Některé infekční a parazitární nemoci,I. Některé infekční a parazitární nemoci > B65-B83 Helmintózy – hlístové nemoci > B75 Trichinóza [trichinellosis],1994-01-01,
B76,Onemocnění měchovci,34,33,B76,B76,Onemocnění měchovci,https://mkn10.uzis.cz/prohlizec/B76,B65-B83,Helmintózy – hlístové nemoci,derived_from_MKN10_block_ranges; open_UZIS_CSV_has_no_explicit_block_columns,A00-B99,I.,Některé infekční a parazitární nemoci,I. Některé infekční a parazitární nemoci > B65-B83 Helmintózy – hlístové nemoci > B76 Onemocnění měchovci,1994-01-01,
B77,Askarióza [ascariasis],103,99,B77,B77,Askarióza [ascariasis],https://mkn10.uzis.cz/prohlizec/B77,B65-B83,Helmintózy – hlístové nemoci,derived_from_MKN10_block_ranges; open_UZIS_CSV_has_no_explicit_block_columns,A00-B99,I.,Některé infekční a parazitární nemoci,I. Některé infekční a parazitární nemoci > B65-B83 Helmintózy – hlístové nemoci > B77 Askarióza [ascariasis],1994-01-01,
B78,Strongyloidóza [strongyloidiasis],6,6,B78,B78,Strongyloidóza [strongyloidiasis],https://mkn10.uzis.cz/prohlizec/B78,B65-B83,Helmintózy – hlístové nemoci,derived_from_MKN10_block_ranges; open_UZIS_CSV_has_no_explicit_block_columns,A00-B99,I.,Některé infekční a parazitární nemoci,I. Některé infekční a parazitární nemoci > B65-B83 Helmintózy – hlístové nemoci > B78 Strongyloidóza [strongyloidiasis],1994-01-01,
B79,Trichurióza [trichuriasis],6,5,B79,B79,Trichurióza [trichuriasis],https://mkn10.uzis.cz/prohlizec/B79,B65-B83,Helmintózy – hlístové nemoci,derived_from_MKN10_block_ranges; open_UZIS_CSV_has_no_explicit_block_columns,A00-B99,I.,Některé infekční a parazitární nemoci,I. Některé infekční a parazitární nemoci > B65-B83 Helmintózy – hlístové nemoci > B79 Trichurióza [trichuriasis],1994-01-01,
B80,Enterobióza [enterobiasis],8147,4447,B80,B80,Enterobióza [enterobiasis],https://mkn10.uzis.cz/prohlizec/B80,B65-B83,Helmintózy – hlístové nemoci,derived_from_MKN10_block_ranges; open_UZIS_CSV_has_no_explicit_block_columns,A00-B99,I.,Některé infekční a parazitární nemoci,I. Některé infekční a parazitární nemoci > B65-B83 Helmintózy – hlístové nemoci > B80 Enterobióza [enterobiasis],1994-01-01,
B81,Jiná střevní helmintóza nezařazená jinde,11,11,B81,B81,Jiná střevní helmintóza nezařazená jinde,https://mkn10.uzis.cz/prohlizec/B81,B65-B83,Helmintózy – hlístové nemoci,derived_from_MKN10_block_ranges; open_UZIS_CSV_has_no_explicit_block_columns,A00-B99,I.,Některé infekční a parazitární nemoci,I. Některé infekční a parazitární nemoci > B65-B83 Helmintózy – hlístové nemoci > B81 Jiná střevní helmintóza nezařazená jinde,1994-01-01,
B83,Jiné helmintózy,30,30,B83,B83,Jiné helmintózy,https://mkn10.uzis.cz/prohlizec/B83,B65-B83,Helmintózy – hlístové nemoci,derived_from_MKN10_block_ranges; open_UZIS_CSV_has_no_explicit_block_columns,A00-B99,I.,Některé infekční a parazitární nemoci,I. Některé infekční a parazitární nemoci > B65-B83 Helmintózy – hlístové nemoci > B83 Jiné helmintózy,1994-01-01,
B85,"Zavšivení – pedikulóza [pediculosis], ftiriáza [phthiriasis]",576,529,B85,B85,"Zavšivení – pedikulóza [pediculosis], ftiriáza [phthiriasis]",https://mkn10.uzis.cz/prohlizec/B85,B85-B89,Zavšivení‚ akarióza a jiná napadení,derived_from_MKN10_block_ranges; open_UZIS_CSV_has_no_explicit_block_columns,A00-B99,I.,Některé infekční a parazitární nemoci,"I. Některé infekční a parazitární nemoci > B85-B89 Zavšivení‚ akarióza a jiná napadení > B85 Zavšivení – pedikulóza [pediculosis], ftiriáza [phthiriasis]",1994-01-01,
B86,Svrab [scabies],47874,22321,B86,B86,Svrab [scabies],https://mkn10.uzis.cz/prohlizec/B86,B85-B89,Zavšivení‚ akarióza a jiná napadení,derived_from_MKN10_block_ranges; open_UZIS_CSV_has_no_explicit_block_columns,A00-B99,I.,Některé infekční a parazitární nemoci,I. Některé infekční a parazitární nemoci > B85-B89 Zavšivení‚ akarióza a jiná napadení > B86 Svrab [scabies],1994-01-01,
B88,Napadení jinými ektoparazity,62,62,B88,B88,Napadení jinými ektoparazity,https://mkn10.uzis.cz/prohlizec/B88,B85-B89,Zavšivení‚ akarióza a jiná napadení,derived_from_MKN10_block_ranges; open_UZIS_CSV_has_no_explicit_block_columns,A00-B99,I.,Některé infekční a parazitární nemoci,I. Některé infekční a parazitární nemoci > B85-B89 Zavšivení‚ akarióza a jiná napadení > B88 Napadení jinými ektoparazity,1994-01-01,
B95,Streptokok a stafylokok jako příčina nemoci zařazené do jiných kapitol,58,55,B95,B95,Streptokok a stafylokok jako příčina nemoci zařazené do jiných kapitol – streptococcus a staphylococcus,https://mkn10.uzis.cz/prohlizec/B95,B95-B98,Bakteriální‚ virová a jiná infekční agens,derived_from_MKN10_block_ranges; open_UZIS_CSV_has_no_explicit_block_columns,A00-B99,I.,Některé infekční a parazitární nemoci,I. Některé infekční a parazitární nemoci > B95-B98 Bakteriální‚ virová a jiná infekční agens > B95 Streptokok a stafylokok jako příčina nemoci zařazené do jiných kapitol – streptococcus a staphylococcus,1994-01-01,
B96,Jiná určená bakteriální agens jako příč. nemoci zař. do jiných kapitol,260,230,B96,B96,Jiná určená bakteriální agens jako příčina nemoci zařazené do jiných kapitol,https://mkn10.uzis.cz/prohlizec/B96,B95-B98,Bakteriální‚ virová a jiná infekční agens,derived_from_MKN10_block_ranges; open_UZIS_CSV_has_no_explicit_block_columns,A00-B99,I.,Některé infekční a parazitární nemoci,I. Některé infekční a parazitární nemoci > B95-B98 Bakteriální‚ virová a jiná infekční agens > B96 Jiná určená bakteriální agens jako příčina nemoci zařazené do jiných kapitol,1994-01-01,
B99,Jiné a neurčené infekční nemoci,9,9,B99,B99,Jiné a neurčené infekční nemoci,https://mkn10.uzis.cz/prohlizec/B99,B99,Jiné infekční nemoci,derived_from_MKN10_block_ranges; open_UZIS_CSV_has_no_explicit_block_columns,A00-B99,I.,Některé infekční a parazitární nemoci,I. Některé infekční a parazitární nemoci > B99 Jiné infekční nemoci > B99 Jiné a neurčené infekční nemoci,1994-01-01,
G00,Bakteriální zánět mozkových a míšních plen (bakter. meningitida) NJ,732,713,G00,G00,Bakteriální zánět mozkových a míšních plen (bakteriální meningitida) nezařazený jinde,https://mkn10.uzis.cz/prohlizec/G00,G00-G09,Zánětlivé nemoci centrální nervové soustavy,derived_from_MKN10_block_ranges; open_UZIS_CSV_has_no_explicit_block_columns,G00-G99,VI.,Nemoci nervové soustavy,VI. Nemoci nervové soustavy > G00-G09 Zánětlivé nemoci centrální nervové soustavy > G00 Bakteriální zánět mozkových a míšních plen (bakteriální meningitida) nezařazený jinde,1994-01-01,
G51,Poruchy lícního nervu [nervi facialis],43,43,G51,G51,Poruchy lícního nervu [nervi facialis],https://mkn10.uzis.cz/prohlizec/G51,G50-G59,Onemocnění nervů‚ nervových kořenů a pletení,derived_from_MKN10_block_ranges; open_UZIS_CSV_has_no_explicit_block_columns,G00-G99,VI.,Nemoci nervové soustavy,VI. Nemoci nervové soustavy > G50-G59 Onemocnění nervů‚ nervových kořenů a pletení > G51 Poruchy lícního nervu [nervi facialis],1994-01-01,
G61,Zánětlivá polyneuropatie,4,4,G61,G61,Zánětlivá polyneuropatie,https://mkn10.uzis.cz/prohlizec/G61,G60-G64,Polyneuropatie a jiné nemoci periferní nervové soustavy,derived_from_MKN10_block_ranges; open_UZIS_CSV_has_no_explicit_block_columns,G00-G99,VI.,Nemoci nervové soustavy,VI. Nemoci nervové soustavy > G60-G64 Polyneuropatie a jiné nemoci periferní nervové soustavy > G61 Zánětlivá polyneuropatie,1994-01-01,
J04,Akutní zánět hrtanu a průdušnice [laryngitis et tracheitis acuta],1,1,J04,J04,Akutní zánět hrtanu a průdušnice [laryngitis et tracheitis acuta],https://mkn10.uzis.cz/prohlizec/J04,J00-J06,Akutní infekce horních dýchacích cest,derived_from_MKN10_block_ranges; open_UZIS_CSV_has_no_explicit_block_columns,J00-J99,X.,Nemoci dýchací soustavy,X. Nemoci dýchací soustavy > J00-J06 Akutní infekce horních dýchacích cest > J04 Akutní zánět hrtanu a průdušnice [laryngitis et tracheitis acuta],1994-01-01,
J10,Chřipka způsobená identifikovaným sezónním chřipkovým virem,15737,3224,J10,J10,Chřipka způsobená identifikovaným sezónním chřipkovým virem,https://mkn10.uzis.cz/prohlizec/J10,J09-J18,Chřipka a zánět plic (pneumonie),derived_from_MKN10_block_ranges; open_UZIS_CSV_has_no_explicit_block_columns,J00-J99,X.,Nemoci dýchací soustavy,X. Nemoci dýchací soustavy > J09-J18 Chřipka a zánět plic (pneumonie) > J10 Chřipka způsobená identifikovaným sezónním chřipkovým virem,1994-01-01,
J12,Virový zánět plic (pneumonie) nezařazený jinde,1238,535,J12,J12,Virový zánět plic (pneumonie) nezařazený jinde,https://mkn10.uzis.cz/prohlizec/J12,J09-J18,Chřipka a zánět plic (pneumonie),derived_from_MKN10_block_ranges; open_UZIS_CSV_has_no_explicit_block_columns,J00-J99,X.,Nemoci dýchací soustavy,X. Nemoci dýchací soustavy > J09-J18 Chřipka a zánět plic (pneumonie) > J12 Virový zánět plic (pneumonie) nezařazený jinde,1994-01-01,
J13,Zánět plic‚ původce: Streptococcus pneumoniae,1091,981,J13,J13,Zánět plic‚ původce: Streptococcus pneumoniae,https://mkn10.uzis.cz/prohlizec/J13,J09-J18,Chřipka a zánět plic (pneumonie),derived_from_MKN10_block_ranges; open_UZIS_CSV_has_no_explicit_block_columns,J00-J99,X.,Nemoci dýchací soustavy,X. Nemoci dýchací soustavy > J09-J18 Chřipka a zánět plic (pneumonie) > J13 Zánět plic‚ původce: Streptococcus pneumoniae,1994-01-01,
J14,Zánět plic‚ původce: Haemophilus influenzae,48,43,J14,J14,Zánět plic‚ původce: Haemophilus influenzae,https://mkn10.uzis.cz/prohlizec/J14,J09-J18,Chřipka a zánět plic (pneumonie),derived_from_MKN10_block_ranges; open_UZIS_CSV_has_no_explicit_block_columns,J00-J99,X.,Nemoci dýchací soustavy,X. Nemoci dýchací soustavy > J09-J18 Chřipka a zánět plic (pneumonie) > J14 Zánět plic‚ původce: Haemophilus influenzae,1994-01-01,
J15,Bakteriální zánět plic (pneumonie) nezařazený jinde,596,482,J15,J15,Bakteriální zánět plic (pneumonie) nezařazený jinde,https://mkn10.uzis.cz/prohlizec/J15,J09-J18,Chřipka a zánět plic (pneumonie),derived_from_MKN10_block_ranges; open_UZIS_CSV_has_no_explicit_block_columns,J00-J99,X.,Nemoci dýchací soustavy,X. Nemoci dýchací soustavy > J09-J18 Chřipka a zánět plic (pneumonie) > J15 Bakteriální zánět plic (pneumonie) nezařazený jinde,1994-01-01,
J16,Zánět plic (pneumonie) způsobený jinými infekčními organismy NJ,135,121,J16,J16,Zánět plic (pneumonie) způsobený jinými infekčními organismy nezařazený jinde,https://mkn10.uzis.cz/prohlizec/J16,J09-J18,Chřipka a zánět plic (pneumonie),derived_from_MKN10_block_ranges; open_UZIS_CSV_has_no_explicit_block_columns,J00-J99,X.,Nemoci dýchací soustavy,X. Nemoci dýchací soustavy > J09-J18 Chřipka a zánět plic (pneumonie) > J16 Zánět plic (pneumonie) způsobený jinými infekčními organismy nezařazený jinde,1994-01-01,
J17,Zánět plic (pneumonie) při nemocech zařazených jinde,87,75,J17,J17,Zánět plic (pneumonie) při nemocech zařazených jinde,https://mkn10.uzis.cz/prohlizec/J17,J09-J18,Chřipka a zánět plic (pneumonie),derived_from_MKN10_block_ranges; open_UZIS_CSV_has_no_explicit_block_columns,J00-J99,X.,Nemoci dýchací soustavy,X. Nemoci dýchací soustavy > J09-J18 Chřipka a zánět plic (pneumonie) > J17 Zánět plic (pneumonie) při nemocech zařazených jinde,1994-01-01,
J18,Pneumonie‚ původce NS,2,2,J18,J18,Pneumonie‚ původce NS,https://mkn10.uzis.cz/prohlizec/J18,J09-J18,Chřipka a zánět plic (pneumonie),derived_from_MKN10_block_ranges; open_UZIS_CSV_has_no_explicit_block_columns,J00-J99,X.,Nemoci dýchací soustavy,X. Nemoci dýchací soustavy > J09-J18 Chřipka a zánět plic (pneumonie) > J18 Pneumonie‚ původce NS,1994-01-01,
W54,Kousnutí nebo úder psem,5533,4521,W54,W54,Kousnutí nebo úder psem,https://mkn10.uzis.cz/prohlizec/W54,W50-W64,Vystavení životným mechanickým silám,derived_from_MKN10_block_ranges; open_UZIS_CSV_has_no_explicit_block_columns,V01-Y98,XX.,Vnější příčiny nemocnosti a úmrtnosti,XX. Vnější příčiny nemocnosti a úmrtnosti > W50-W64 Vystavení životným mechanickým silám > W54 Kousnutí nebo úder psem,1994-01-01,
W55,Kousnutí nebo úder jinými savci,2040,1903,W55,W55,Kousnutí nebo úder jinými savci,https://mkn10.uzis.cz/prohlizec/W55,W50-W64,Vystavení životným mechanickým silám,derived_from_MKN10_block_ranges; open_UZIS_CSV_has_no_explicit_block_columns,V01-Y98,XX.,Vnější příčiny nemocnosti a úmrtnosti,XX. Vnější příčiny nemocnosti a úmrtnosti > W50-W64 Vystavení životným mechanickým silám > W55 Kousnutí nebo úder jinými savci,1994-01-01,
